Ad ID,User ID,Campaign ID,Impressions,Clicks,Conversions,Ad Spend,Date,Device Type,User Location
AD0000,USER210,CAMPAIGN14,7370,3177,780,428.51,2023-01-01,Android,Unknown
AD0001,USER24,CAMPAIGN13,960,3056,560,59.26,2023-01-02,Android,Unknown
AD0002,USER412,CAMPAIGN1,5490,603,827,370.0,2023-01-03,iOS,Null
AD0003,USER193,CAMPAIGN3,5291,3449,641,160.17,2023-01-04,Android,Florida
AD0004,USER135,CAMPAIGN7,5834,4146,955,494.21,2023-01-05,Other,California
AD0005,USER354,CAMPAIGN14,6365,3533,516,242.94,2023-01-06,Other,Florida
AD0006,USER291,CAMPAIGN20,566,3367,427,61.66,2023-01-07,Android,Florida
AD0007,USER205,CAMPAIGN1,4526,3368,538,362.73,2023-01-08,Other,Texas
AD0008,USER84,CAMPAIGN7,5678,3797,159,161.84,2023-01-09,Other,Florida
AD0009,USER250,CAMPAIGN20,8422,1792,148,498.54,2023-01-10,iOS,California
AD0010,USER67,CAMPAIGN18,1785,2861,775,489.9,2023-01-11,Android,New York
AD0011,USER28,CAMPAIGN5,869,3476,229,328.24,2023-01-12,iOS,Null
AD0012,USER358,CAMPAIGN20,7049,3417,711,65.35,2023-01-13,Android,New York
AD0013,USER93,CAMPAIGN3,2533,1645,561,343.59,2023-01-14,Android,California
AD0014,USER178,CAMPAIGN11,5411,1205,66,46.97,2023-01-15,iOS,Null
AD0015,USER10,CAMPAIGN15,5151,3030,811,15.17,2023-01-16,iOS,Null
AD0016,USER93,CAMPAIGN10,6520,2872,380,411.57,2023-01-17,Android,Null
AD0017,USER140,CAMPAIGN10,1284,3072,57,105.27,2023-01-18,Other,New York
AD0018,USER101,CAMPAIGN12,4655,1854,258,189.82,2023-01-19,Android,Texas
AD0019,USER43,CAMPAIGN12,3485,4021,341,486.74,2023-01-20,Other,Florida
AD0020,USER388,CAMPAIGN4,6496,4662,837,168.75,2023-01-21,Android,Unknown
AD0021,USER214,CAMPAIGN7,8766,2708,129,148.6,2023-01-22,Android,Texas
AD0022,USER481,CAMPAIGN12,9374,3502,726,459.14,2023-01-23,iOS,Florida
AD0023,USER17,CAMPAIGN16,2658,1332,171,55.82,2023-01-24,Other,Florida
AD0024,USER53,CAMPAIGN1,7949,201,769,379.91,2023-01-25,iOS,New York
AD0025,USER455,CAMPAIGN7,2147,3507,613,494.04,2023-01-26,Other,Texas
AD0026,USER96,CAMPAIGN11,2847,4212,208,450.7,2023-01-27,Other,New York
AD0027,USER345,CAMPAIGN15,9267,574,802,326.01,2023-01-28,Android,Null
AD0028,USER230,CAMPAIGN13,289,536,353,157.37,2023-01-29,Other,New York
AD0029,USER200,CAMPAIGN6,2834,1625,470,127.53,2023-01-30,Other,Texas
AD0030,USER339,CAMPAIGN15,3105,2122,797,409.72,2023-01-31,iOS,New York
AD0031,USER319,CAMPAIGN1,4758,385,115,439.97,2023-02-01,iOS,California
AD0032,USER348,CAMPAIGN4,1999,3281,263,262.95,2023-02-02,Android,Florida
AD0033,USER18,CAMPAIGN10,7834,474,661,122.55,2023-02-03,iOS,California
AD0034,USER295,CAMPAIGN17,1367,417,811,56.92,2023-02-04,iOS,California
AD0035,USER479,CAMPAIGN13,1628,3600,441,44.05,2023-02-05,Android,Florida
AD0036,USER325,CAMPAIGN20,3656,954,547,359.68,2023-02-06,Other,Null
AD0037,USER308,CAMPAIGN10,3990,4971,452,210.35,2023-02-07,iOS,California
AD0038,USER185,CAMPAIGN9,8938,4858,844,452.73,2023-02-08,Other,Unknown
AD0039,USER235,CAMPAIGN20,5493,1205,476,369.97,2023-02-09,iOS,California
AD0040,USER474,CAMPAIGN4,8892,4759,286,96.03,2023-02-10,Android,Texas
AD0041,USER210,CAMPAIGN1,8533,4120,302,307.08,2023-02-11,Other,California
AD0042,USER331,CAMPAIGN6,7613,1990,310,218.03,2023-02-12,Other,Unknown
AD0043,USER478,CAMPAIGN19,2712,4805,207,288.84,2023-02-13,Other,Null
AD0044,USER52,CAMPAIGN7,7141,3572,617,369.17,2023-02-14,iOS,Null
AD0045,USER36,CAMPAIGN15,9655,4380,445,403.19,2023-02-15,iOS,Texas
AD0046,USER493,CAMPAIGN10,6335,4158,669,421.95,2023-02-16,Android,California
AD0047,USER227,CAMPAIGN6,5586,4757,632,127.36,2023-02-17,Android,Florida
AD0048,USER381,CAMPAIGN6,7199,2713,54,16.04,2023-02-18,Android,Florida
AD0049,USER462,CAMPAIGN19,9770,2203,911,369.78,2023-02-19,iOS,New York
AD0050,USER191,CAMPAIGN4,875,3120,11,53.62,2023-02-20,Android,New York
AD0051,USER68,CAMPAIGN9,8326,966,656,157.8,2023-02-21,iOS,California
AD0052,USER349,CAMPAIGN11,3252,4944,399,2.41,2023-02-22,iOS,Unknown
AD0053,USER462,CAMPAIGN4,1685,3432,907,340.99,2023-02-23,Android,California
AD0054,USER117,CAMPAIGN2,4043,688,647,83.98,2023-02-24,Android,Null
AD0055,USER497,CAMPAIGN18,7655,4243,979,327.81,2023-02-25,Other,New York
AD0056,USER452,CAMPAIGN1,3173,3701,514,495.88,2023-02-26,Other,Texas
AD0057,USER408,CAMPAIGN5,1121,341,655,36.8,2023-02-27,iOS,California
AD0058,USER59,CAMPAIGN19,3943,1724,541,39.0,2023-02-28,Other,California
AD0059,USER273,CAMPAIGN1,8089,4422,236,170.52,2023-03-01,Android,Unknown
AD0060,USER205,CAMPAIGN2,9792,1792,278,433.26,2023-03-02,Android,Null
AD0061,USER433,CAMPAIGN2,6973,1759,347,108.16,2023-03-03,Android,Florida
AD0062,USER44,CAMPAIGN9,5775,3212,626,180.51,2023-03-04,Android,New York
AD0063,USER166,CAMPAIGN3,261,989,103,34.72,2023-03-05,Android,Florida
AD0064,USER235,CAMPAIGN20,4397,2262,629,381.7,2023-03-06,iOS,Florida
AD0065,USER197,CAMPAIGN12,1095,2482,516,204.45,2023-03-07,iOS,Florida
AD0066,USER498,CAMPAIGN16,7729,951,979,379.74,2023-03-08,iOS,Texas
AD0067,USER176,CAMPAIGN2,9567,722,871,451.85,2023-03-09,Android,New York
AD0068,USER364,CAMPAIGN19,1116,3389,247,116.77,2023-03-10,iOS,Null
AD0069,USER255,CAMPAIGN1,7969,2079,363,403.79,2023-03-11,iOS,Unknown
AD0070,USER132,CAMPAIGN5,6539,2717,320,30.02,2023-03-12,Android,Texas
AD0071,USER283,CAMPAIGN10,7992,2332,632,449.47,2023-03-13,iOS,Florida
AD0072,USER469,CAMPAIGN4,6963,3376,285,325.56,2023-03-14,Other,Florida
AD0073,USER253,CAMPAIGN20,8016,4524,148,437.18,2023-03-15,iOS,Null
AD0074,USER200,CAMPAIGN12,8629,1500,83,0.59,2023-03-16,Other,Null
AD0075,USER147,CAMPAIGN12,978,285,965,84.96,2023-03-17,iOS,Unknown
AD0076,USER364,CAMPAIGN14,9368,3495,405,195.18,2023-03-18,Android,New York
AD0077,USER374,CAMPAIGN11,4987,2065,977,190.06,2023-03-19,Android,Null
AD0078,USER230,CAMPAIGN14,4959,768,455,113.75,2023-03-20,iOS,Unknown
AD0079,USER279,CAMPAIGN15,6431,3057,742,191.12,2023-03-21,Android,Unknown
AD0080,USER240,CAMPAIGN8,8671,4289,799,64.86,2023-03-22,Android,Null
AD0081,USER137,CAMPAIGN7,8784,2161,160,206.67,2023-03-23,Android,Texas
AD0082,USER128,CAMPAIGN2,7308,3293,783,401.28,2023-03-24,iOS,New York
AD0083,USER172,CAMPAIGN5,5376,946,459,239.8,2023-03-25,Android,Florida
AD0084,USER402,CAMPAIGN12,2162,4926,549,9.49,2023-03-26,iOS,Unknown
AD0085,USER103,CAMPAIGN19,164,3335,499,211.01,2023-03-27,Android,Unknown
AD0086,USER384,CAMPAIGN19,8106,4150,737,14.07,2023-03-28,iOS,New York
AD0087,USER225,CAMPAIGN9,2668,4895,508,483.14,2023-03-29,Other,Texas
AD0088,USER332,CAMPAIGN15,5563,4873,653,64.16,2023-03-30,Other,Florida
AD0089,USER3,CAMPAIGN5,2127,1481,803,353.99,2023-03-31,Android,Texas
AD0090,USER227,CAMPAIGN15,2795,1901,480,486.4,2023-04-01,Android,Null
AD0091,USER106,CAMPAIGN10,9787,3451,662,413.11,2023-04-02,iOS,Unknown
AD0092,USER105,CAMPAIGN5,5358,4064,113,349.81,2023-04-03,Android,California
AD0093,USER265,CAMPAIGN17,5718,54,748,419.81,2023-04-04,iOS,New York
AD0094,USER288,CAMPAIGN9,6836,1823,577,490.91,2023-04-05,Other,Unknown
AD0095,USER375,CAMPAIGN5,491,3462,360,310.86,2023-04-06,iOS,Null
AD0096,USER348,CAMPAIGN10,5992,3079,340,279.81,2023-04-07,Android,Florida
AD0097,USER371,CAMPAIGN19,3661,832,769,314.3,2023-04-08,Android,Null
AD0098,USER302,CAMPAIGN6,6284,4408,986,266.57,2023-04-09,Other,California
AD0099,USER319,CAMPAIGN20,3199,2806,760,317.73,2023-04-10,iOS,California
AD0100,USER331,CAMPAIGN7,6378,2490,968,225.2,2023-04-11,Android,Unknown
AD0101,USER483,CAMPAIGN17,8492,327,448,109.61,2023-04-12,Android,California
AD0102,USER6,CAMPAIGN18,3204,3310,842,60.56,2023-04-13,iOS,Null
AD0103,USER445,CAMPAIGN18,7315,3300,834,34.64,2023-04-14,Android,Florida
AD0104,USER88,CAMPAIGN11,2554,3675,179,132.03,2023-04-15,Other,Unknown
AD0105,USER224,CAMPAIGN11,9096,3054,701,23.54,2023-04-16,iOS,Unknown
AD0106,USER183,CAMPAIGN4,2831,2143,406,283.8,2023-04-17,iOS,Null
AD0107,USER10,CAMPAIGN14,8254,1311,665,142.27,2023-04-18,Other,Florida
AD0108,USER146,CAMPAIGN19,9862,3191,195,412.36,2023-04-19,Other,Florida
AD0109,USER476,CAMPAIGN7,5156,2538,465,37.58,2023-04-20,Other,Unknown
AD0110,USER29,CAMPAIGN13,8210,3983,310,113.56,2023-04-21,Android,Null
AD0111,USER111,CAMPAIGN1,3940,4547,261,365.26,2023-04-22,Other,Texas
AD0112,USER246,CAMPAIGN1,1128,164,418,299.6,2023-04-23,iOS,Texas
AD0113,USER17,CAMPAIGN15,7485,4277,405,32.71,2023-04-24,iOS,Texas
AD0114,USER321,CAMPAIGN7,602,822,938,438.68,2023-04-25,Other,Texas
AD0115,USER161,CAMPAIGN20,7010,943,142,438.69,2023-04-26,Android,Texas
AD0116,USER307,CAMPAIGN7,9162,4425,341,165.54,2023-04-27,Other,California
AD0117,USER475,CAMPAIGN18,7038,774,315,170.53,2023-04-28,Android,Null
AD0118,USER246,CAMPAIGN16,4588,2198,100,494.52,2023-04-29,Android,Null
AD0119,USER414,CAMPAIGN3,306,3156,243,313.27,2023-04-30,Android,New York
AD0120,USER292,CAMPAIGN19,5234,4242,489,265.89,2023-05-01,Other,Florida
AD0121,USER430,CAMPAIGN9,6077,3695,11,419.16,2023-05-02,Android,California
AD0122,USER159,CAMPAIGN5,7821,3452,238,143.0,2023-05-03,Android,California
AD0123,USER199,CAMPAIGN15,7135,914,560,214.88,2023-05-04,Other,New York
AD0124,USER400,CAMPAIGN6,1584,1308,41,134.25,2023-05-05,iOS,California
AD0125,USER280,CAMPAIGN1,7958,4177,677,394.69,2023-05-06,iOS,California
AD0126,USER134,CAMPAIGN19,963,513,593,286.89,2023-05-07,Other,New York
AD0127,USER265,CAMPAIGN2,2890,1920,428,329.58,2023-05-08,Other,New York
AD0128,USER183,CAMPAIGN15,7508,3594,802,126.53,2023-05-09,iOS,Unknown
AD0129,USER263,CAMPAIGN10,8855,4841,157,110.5,2023-05-10,Other,Null
AD0130,USER227,CAMPAIGN9,5216,1409,215,244.44,2023-05-11,iOS,Florida
AD0131,USER440,CAMPAIGN12,6119,4802,669,368.91,2023-05-12,iOS,Null
AD0132,USER422,CAMPAIGN18,1857,4566,461,262.86,2023-05-13,Other,New York
AD0133,USER92,CAMPAIGN8,7674,3190,133,16.81,2023-05-14,iOS,New York
AD0134,USER478,CAMPAIGN4,6474,4491,66,434.34,2023-05-15,iOS,Florida
AD0135,USER100,CAMPAIGN12,6992,1555,847,32.81,2023-05-16,iOS,Texas
AD0136,USER462,CAMPAIGN14,1778,804,6,477.93,2023-05-17,Android,Unknown
AD0137,USER394,CAMPAIGN6,3342,1279,947,13.06,2023-05-18,Android,Florida
AD0138,USER489,CAMPAIGN11,4736,3577,525,347.38,2023-05-19,Android,California
AD0139,USER283,CAMPAIGN9,1159,2901,72,41.56,2023-05-20,iOS,Null
AD0140,USER135,CAMPAIGN10,6768,1387,398,455.38,2023-05-21,Other,Unknown
AD0141,USER300,CAMPAIGN2,3257,4688,404,232.48,2023-05-22,Android,Texas
AD0142,USER45,CAMPAIGN9,6015,2761,674,69.19,2023-05-23,Other,California
AD0143,USER42,CAMPAIGN18,9889,2679,577,170.74,2023-05-24,iOS,California
AD0144,USER289,CAMPAIGN5,2793,2106,858,82.83,2023-05-25,Other,Texas
AD0145,USER420,CAMPAIGN10,3727,4223,129,85.71,2023-05-26,iOS,Florida
AD0146,USER254,CAMPAIGN3,9655,4831,930,474.08,2023-05-27,iOS,New York
AD0147,USER479,CAMPAIGN4,5550,2768,465,222.9,2023-05-28,iOS,Unknown
AD0148,USER36,CAMPAIGN3,1763,3953,205,394.51,2023-05-29,iOS,California
AD0149,USER219,CAMPAIGN12,9821,3186,787,319.98,2023-05-30,iOS,Null
AD0150,USER178,CAMPAIGN16,5692,3280,977,338.37,2023-05-31,Android,New York
AD0151,USER142,CAMPAIGN8,7492,2573,767,66.28,2023-06-01,iOS,Unknown
AD0152,USER39,CAMPAIGN8,1406,4616,265,117.48,2023-06-02,iOS,Unknown
AD0153,USER480,CAMPAIGN2,6876,2599,536,393.48,2023-06-03,iOS,California
AD0154,USER474,CAMPAIGN16,5964,4033,961,485.4,2023-06-04,Other,Florida
AD0155,USER483,CAMPAIGN2,9574,236,792,131.71,2023-06-05,Other,Unknown
AD0156,USER178,CAMPAIGN9,7626,1304,252,136.15,2023-06-06,Android,Unknown
AD0157,USER170,CAMPAIGN14,9001,3430,821,236.71,2023-06-07,iOS,Texas
AD0158,USER126,CAMPAIGN11,5675,1301,288,491.93,2023-06-08,Other,Florida
AD0159,USER238,CAMPAIGN19,5630,2541,163,134.84,2023-06-09,iOS,Null
AD0160,USER61,CAMPAIGN17,4513,2051,94,203.78,2023-06-10,iOS,Null
AD0161,USER250,CAMPAIGN10,3848,441,781,445.79,2023-06-11,Other,Florida
AD0162,USER295,CAMPAIGN7,763,2076,832,1.96,2023-06-12,Other,New York
AD0163,USER278,CAMPAIGN17,2098,3180,109,20.36,2023-06-13,Android,California
AD0164,USER17,CAMPAIGN8,8094,2657,335,302.23,2023-06-14,Android,Unknown
AD0165,USER168,CAMPAIGN4,1595,3798,821,453.74,2023-06-15,Other,New York
AD0166,USER441,CAMPAIGN8,3404,804,237,119.81,2023-06-16,Other,Texas
AD0167,USER275,CAMPAIGN7,3863,74,380,235.09,2023-06-17,iOS,New York
AD0168,USER250,CAMPAIGN13,5332,2175,435,225.51,2023-06-18,Android,Unknown
AD0169,USER263,CAMPAIGN13,1953,3924,898,236.75,2023-06-19,Other,Null
AD0170,USER288,CAMPAIGN18,6685,2089,482,311.45,2023-06-20,Android,New York
AD0171,USER416,CAMPAIGN7,1391,40,936,235.14,2023-06-21,Other,Unknown
AD0172,USER142,CAMPAIGN1,3681,2081,901,224.01,2023-06-22,Android,Unknown
AD0173,USER131,CAMPAIGN10,7654,4683,24,237.41,2023-06-23,Other,Unknown
AD0174,USER295,CAMPAIGN18,7380,1622,652,295.64,2023-06-24,Android,New York
AD0175,USER313,CAMPAIGN14,1736,341,116,268.74,2023-06-25,Other,New York
AD0176,USER477,CAMPAIGN15,3796,4052,481,427.14,2023-06-26,iOS,Texas
AD0177,USER192,CAMPAIGN17,798,2074,391,25.22,2023-06-27,Other,New York
AD0178,USER195,CAMPAIGN9,4837,645,916,416.74,2023-06-28,Android,Null
AD0179,USER280,CAMPAIGN6,954,4826,993,422.04,2023-06-29,iOS,California
AD0180,USER252,CAMPAIGN6,8264,4263,963,142.81,2023-06-30,iOS,California
AD0181,USER424,CAMPAIGN15,5955,609,536,231.69,2023-07-01,Android,Null
AD0182,USER348,CAMPAIGN12,7492,454,78,219.55,2023-07-02,iOS,Unknown
AD0183,USER364,CAMPAIGN19,6628,2953,579,109.65,2023-07-03,Android,Florida
AD0184,USER258,CAMPAIGN5,5349,1708,172,198.7,2023-07-04,iOS,California
AD0185,USER374,CAMPAIGN16,5272,3472,955,22.67,2023-07-05,iOS,California
AD0186,USER263,CAMPAIGN19,1807,2969,11,139.27,2023-07-06,Other,Unknown
AD0187,USER16,CAMPAIGN15,5891,3028,799,408.43,2023-07-07,iOS,Null
AD0188,USER366,CAMPAIGN20,5635,4797,127,142.64,2023-07-08,Other,Null
AD0189,USER188,CAMPAIGN7,5031,2681,607,409.19,2023-07-09,Android,Florida
AD0190,USER435,CAMPAIGN18,3610,3629,91,266.03,2023-07-10,iOS,Unknown
AD0191,USER56,CAMPAIGN2,302,4225,652,439.99,2023-07-11,Android,Unknown
AD0192,USER487,CAMPAIGN3,4318,3067,542,287.6,2023-07-12,Other,Texas
AD0193,USER400,CAMPAIGN2,9058,1386,845,15.32,2023-07-13,iOS,Unknown
AD0194,USER67,CAMPAIGN15,4489,3776,531,337.87,2023-07-14,Android,Null
AD0195,USER267,CAMPAIGN13,2427,2866,657,22.9,2023-07-15,Other,New York
AD0196,USER350,CAMPAIGN17,8104,4788,988,225.57,2023-07-16,iOS,California
AD0197,USER338,CAMPAIGN18,3031,3363,827,464.75,2023-07-17,iOS,Null
AD0198,USER330,CAMPAIGN12,7877,4889,446,83.02,2023-07-18,iOS,New York
AD0199,USER457,CAMPAIGN16,297,4124,389,195.24,2023-07-19,Other,Null
AD0200,USER262,CAMPAIGN15,7225,148,671,365.07,2023-07-20,iOS,Florida
AD0201,USER7,CAMPAIGN17,2030,3850,860,441.19,2023-07-21,iOS,California
AD0202,USER340,CAMPAIGN13,6387,2058,42,335.64,2023-07-22,iOS,Florida
AD0203,USER146,CAMPAIGN11,8900,1136,253,129.46,2023-07-23,Android,Florida
AD0204,USER257,CAMPAIGN13,9439,186,129,337.47,2023-07-24,iOS,New York
AD0205,USER165,CAMPAIGN20,4382,2854,59,148.72,2023-07-25,iOS,California
AD0206,USER142,CAMPAIGN20,2611,1250,662,359.36,2023-07-26,Other,New York
AD0207,USER167,CAMPAIGN17,759,1333,466,477.04,2023-07-27,Android,Null
AD0208,USER193,CAMPAIGN14,2911,4193,286,360.84,2023-07-28,Android,California
AD0209,USER64,CAMPAIGN6,7198,4150,516,431.51,2023-07-29,Other,Unknown
AD0210,USER3,CAMPAIGN3,6646,2711,466,1.55,2023-07-30,iOS,Texas
AD0211,USER261,CAMPAIGN11,9661,4853,929,358.93,2023-07-31,Android,Florida
AD0212,USER135,CAMPAIGN6,2086,4501,777,414.88,2023-08-01,iOS,New York
AD0213,USER9,CAMPAIGN12,8438,1785,344,20.76,2023-08-02,Other,California
AD0214,USER438,CAMPAIGN13,3011,750,641,435.86,2023-08-03,Other,Texas
AD0215,USER429,CAMPAIGN20,1834,1762,381,128.72,2023-08-04,iOS,Florida
AD0216,USER108,CAMPAIGN16,1943,3920,778,332.81,2023-08-05,Android,Unknown
AD0217,USER195,CAMPAIGN19,8780,4460,689,400.28,2023-08-06,Other,New York
AD0218,USER457,CAMPAIGN6,3076,481,252,331.5,2023-08-07,Other,Texas
AD0219,USER442,CAMPAIGN5,2059,153,926,46.6,2023-08-08,Android,California
AD0220,USER43,CAMPAIGN6,5859,1524,55,298.36,2023-08-09,Android,Null
AD0221,USER247,CAMPAIGN10,6794,2120,462,275.02,2023-08-10,iOS,California
AD0222,USER138,CAMPAIGN18,2485,2343,456,450.21,2023-08-11,iOS,New York
AD0223,USER206,CAMPAIGN11,4836,1240,982,202.42,2023-08-12,Android,Null
AD0224,USER452,CAMPAIGN11,1902,60,82,160.88,2023-08-13,Other,Unknown
AD0225,USER89,CAMPAIGN9,8255,938,904,375.05,2023-08-14,Other,Florida
AD0226,USER51,CAMPAIGN16,8220,1639,98,206.63,2023-08-15,Other,Florida
AD0227,USER281,CAMPAIGN8,6716,4120,148,323.23,2023-08-16,Other,New York
AD0228,USER214,CAMPAIGN9,5634,4226,328,323.4,2023-08-17,iOS,California
AD0229,USER61,CAMPAIGN3,4161,3569,155,444.08,2023-08-18,Android,California
AD0230,USER366,CAMPAIGN6,362,1252,189,299.55,2023-08-19,Android,Null
AD0231,USER21,CAMPAIGN12,6387,4203,493,251.33,2023-08-20,iOS,Florida
AD0232,USER200,CAMPAIGN17,8915,171,882,69.87,2023-08-21,Android,Unknown
AD0233,USER139,CAMPAIGN9,9308,1458,262,58.31,2023-08-22,iOS,Null
AD0234,USER304,CAMPAIGN4,2149,3549,79,77.58,2023-08-23,Other,Unknown
AD0235,USER165,CAMPAIGN16,5523,4197,399,86.34,2023-08-24,Android,Texas
AD0236,USER246,CAMPAIGN17,4648,2322,763,319.12,2023-08-25,Android,Texas
AD0237,USER476,CAMPAIGN13,3208,1636,608,370.62,2023-08-26,iOS,Texas
AD0238,USER270,CAMPAIGN15,7258,3115,259,265.23,2023-08-27,Android,Null
AD0239,USER490,CAMPAIGN20,7500,4090,771,414.59,2023-08-28,iOS,New York
AD0240,USER303,CAMPAIGN4,3270,3004,614,495.64,2023-08-29,Android,Unknown
AD0241,USER20,CAMPAIGN9,9974,329,551,410.1,2023-08-30,Other,Florida
AD0242,USER217,CAMPAIGN4,2355,3640,784,347.59,2023-08-31,Other,New York
AD0243,USER227,CAMPAIGN9,1254,3894,100,266.48,2023-09-01,Android,Null
AD0244,USER81,CAMPAIGN9,4599,4107,358,224.7,2023-09-02,iOS,California
AD0245,USER335,CAMPAIGN6,6395,1341,379,42.65,2023-09-03,Android,New York
AD0246,USER153,CAMPAIGN10,6297,3663,819,199.98,2023-09-04,Android,Unknown
AD0247,USER369,CAMPAIGN16,9988,215,220,455.11,2023-09-05,iOS,Unknown
AD0248,USER430,CAMPAIGN2,1748,338,819,404.11,2023-09-06,iOS,New York
AD0249,USER277,CAMPAIGN16,5639,4062,419,108.42,2023-09-07,Android,Texas
AD0250,USER418,CAMPAIGN6,9737,2708,123,233.57,2023-09-08,Other,New York
AD0251,USER431,CAMPAIGN12,4299,3152,421,408.45,2023-09-09,Other,New York
AD0252,USER438,CAMPAIGN10,8545,1750,230,34.16,2023-09-10,Other,New York
AD0253,USER290,CAMPAIGN5,2657,2421,689,194.0,2023-09-11,iOS,Texas
AD0254,USER141,CAMPAIGN3,5692,709,62,425.99,2023-09-12,Other,New York
AD0255,USER63,CAMPAIGN13,198,3726,484,202.25,2023-09-13,iOS,New York
AD0256,USER254,CAMPAIGN6,2300,3642,627,39.27,2023-09-14,Other,Null
AD0257,USER299,CAMPAIGN19,3061,3993,702,271.5,2023-09-15,Android,Unknown
AD0258,USER241,CAMPAIGN18,5073,488,573,430.94,2023-09-16,iOS,New York
AD0259,USER420,CAMPAIGN17,4533,46,767,295.35,2023-09-17,Android,New York
AD0260,USER487,CAMPAIGN19,2969,3359,482,113.53,2023-09-18,Other,New York
AD0261,USER393,CAMPAIGN9,1056,4873,518,192.43,2023-09-19,iOS,Florida
AD0262,USER214,CAMPAIGN14,8452,4806,154,225.34,2023-09-20,iOS,Unknown
AD0263,USER463,CAMPAIGN7,5799,400,91,289.84,2023-09-21,Android,Texas
AD0264,USER350,CAMPAIGN7,7044,3990,981,379.8,2023-09-22,Other,New York
AD0265,USER258,CAMPAIGN13,4593,3157,525,49.89,2023-09-23,Other,Null
AD0266,USER210,CAMPAIGN9,9592,4345,454,444.88,2023-09-24,Android,New York
AD0267,USER424,CAMPAIGN13,5011,390,740,6.65,2023-09-25,Other,Texas
AD0268,USER207,CAMPAIGN2,4087,3853,597,185.34,2023-09-26,Other,New York
AD0269,USER226,CAMPAIGN17,9819,4430,644,14.2,2023-09-27,Other,Florida
AD0270,USER386,CAMPAIGN3,6115,628,509,196.79,2023-09-28,Other,California
AD0271,USER60,CAMPAIGN16,1318,4232,182,263.14,2023-09-29,Android,California
AD0272,USER488,CAMPAIGN7,4596,2930,385,256.08,2023-09-30,iOS,Florida
AD0273,USER79,CAMPAIGN6,4835,1521,573,83.23,2023-10-01,iOS,Texas
AD0274,USER298,CAMPAIGN4,4655,826,730,323.05,2023-10-02,iOS,Unknown
AD0275,USER315,CAMPAIGN16,9246,4822,404,22.87,2023-10-03,Other,New York
AD0276,USER288,CAMPAIGN17,8150,1500,245,381.07,2023-10-04,Android,New York
AD0277,USER283,CAMPAIGN2,3546,3294,741,473.35,2023-10-05,Other,Unknown
AD0278,USER29,CAMPAIGN9,1145,2419,590,170.21,2023-10-06,Android,Unknown
AD0279,USER11,CAMPAIGN2,6993,934,660,258.86,2023-10-07,Other,New York
AD0280,USER99,CAMPAIGN14,1793,3042,649,189.77,2023-10-08,Other,Texas
AD0281,USER500,CAMPAIGN20,3536,4497,470,3.85,2023-10-09,iOS,Florida
AD0282,USER157,CAMPAIGN4,8854,1466,825,193.24,2023-10-10,iOS,Texas
AD0283,USER105,CAMPAIGN15,5995,3561,887,395.96,2023-10-11,iOS,California
AD0284,USER442,CAMPAIGN7,3454,614,422,298.2,2023-10-12,Android,Texas
AD0285,USER430,CAMPAIGN12,325,1182,900,51.08,2023-10-13,iOS,Texas
AD0286,USER474,CAMPAIGN20,4993,3223,64,423.65,2023-10-14,Other,Null
AD0287,USER306,CAMPAIGN20,7122,2667,12,265.78,2023-10-15,Other,Null
AD0288,USER147,CAMPAIGN8,9251,130,212,420.94,2023-10-16,Android,Texas
AD0289,USER467,CAMPAIGN7,5700,2983,985,290.32,2023-10-17,Android,Florida
AD0290,USER404,CAMPAIGN2,8096,4278,241,280.06,2023-10-18,Android,Unknown
AD0291,USER361,CAMPAIGN15,9107,4459,492,53.08,2023-10-19,Android,Texas
AD0292,USER97,CAMPAIGN20,7783,38,212,84.1,2023-10-20,iOS,California
AD0293,USER395,CAMPAIGN1,4742,3959,692,486.03,2023-10-21,Other,Texas
AD0294,USER270,CAMPAIGN3,7779,3587,337,114.63,2023-10-22,Android,New York
AD0295,USER484,CAMPAIGN15,8308,920,996,488.74,2023-10-23,Other,California
AD0296,USER100,CAMPAIGN10,7439,2769,172,266.19,2023-10-24,Other,Florida
AD0297,USER229,CAMPAIGN8,9535,4111,671,68.33,2023-10-25,Android,California
AD0298,USER468,CAMPAIGN9,2305,492,163,50.1,2023-10-26,Android,Unknown
AD0299,USER45,CAMPAIGN19,1169,1131,464,104.83,2023-10-27,Android,New York
AD0300,USER295,CAMPAIGN11,3544,3521,994,462.86,2023-10-28,iOS,New York
AD0301,USER427,CAMPAIGN19,1160,310,496,207.37,2023-10-29,Android,Florida
AD0302,USER62,CAMPAIGN10,2427,738,699,198.02,2023-10-30,iOS,Texas
AD0303,USER71,CAMPAIGN3,3520,3241,394,156.95,2023-10-31,Other,Texas
AD0304,USER398,CAMPAIGN13,401,545,702,73.96,2023-11-01,Other,New York
AD0305,USER164,CAMPAIGN1,706,2461,916,244.18,2023-11-02,iOS,Null
AD0306,USER426,CAMPAIGN7,3270,4346,307,65.46,2023-11-03,Other,Unknown
AD0307,USER228,CAMPAIGN10,799,4854,767,417.82,2023-11-04,Android,California
AD0308,USER4,CAMPAIGN11,5188,1804,182,185.51,2023-11-05,Android,New York
AD0309,USER234,CAMPAIGN2,9431,3212,628,187.71,2023-11-06,Other,Null
AD0310,USER104,CAMPAIGN6,290,3810,793,237.27,2023-11-07,Other,Florida
AD0311,USER149,CAMPAIGN20,1080,813,509,222.34,2023-11-08,Other,California
AD0312,USER419,CAMPAIGN16,3075,4124,707,497.43,2023-11-09,Other,California
AD0313,USER340,CAMPAIGN9,6202,2032,545,272.92,2023-11-10,Android,Texas
AD0314,USER410,CAMPAIGN4,1284,4572,563,44.56,2023-11-11,Android,California
AD0315,USER116,CAMPAIGN14,3427,4413,623,303.64,2023-11-12,iOS,Null
AD0316,USER131,CAMPAIGN8,3494,244,763,76.22,2023-11-13,Other,New York
AD0317,USER231,CAMPAIGN16,8419,4843,593,15.95,2023-11-14,iOS,New York
AD0318,USER234,CAMPAIGN8,1916,4792,743,485.39,2023-11-15,Other,California
AD0319,USER237,CAMPAIGN5,5954,271,226,386.88,2023-11-16,iOS,Unknown
AD0320,USER228,CAMPAIGN16,6809,3511,744,490.06,2023-11-17,Android,Florida
AD0321,USER115,CAMPAIGN12,669,1771,732,239.2,2023-11-18,iOS,Texas
AD0322,USER491,CAMPAIGN13,5542,1262,435,266.36,2023-11-19,iOS,Texas
AD0323,USER221,CAMPAIGN16,1995,2424,924,84.58,2023-11-20,iOS,California
AD0324,USER30,CAMPAIGN10,2833,4361,421,123.83,2023-11-21,iOS,Unknown
AD0325,USER413,CAMPAIGN20,3963,920,553,419.36,2023-11-22,Android,New York
AD0326,USER252,CAMPAIGN5,7555,3430,20,178.41,2023-11-23,Android,California
AD0327,USER316,CAMPAIGN7,4114,4435,553,413.49,2023-11-24,Other,Florida
AD0328,USER67,CAMPAIGN6,1786,4484,396,354.65,2023-11-25,Android,Texas
AD0329,USER232,CAMPAIGN1,3109,2624,624,89.0,2023-11-26,Android,New York
AD0330,USER449,CAMPAIGN3,7906,3760,104,253.97,2023-11-27,Other,Unknown
AD0331,USER489,CAMPAIGN19,254,2050,191,338.85,2023-11-28,Other,New York
AD0332,USER317,CAMPAIGN15,1509,3500,16,117.9,2023-11-29,iOS,Null
AD0333,USER134,CAMPAIGN9,884,1165,119,415.43,2023-11-30,iOS,New York
AD0334,USER8,CAMPAIGN15,8196,375,392,272.64,2023-12-01,iOS,Texas
AD0335,USER132,CAMPAIGN14,7660,2033,424,83.04,2023-12-02,Android,California
AD0336,USER374,CAMPAIGN4,7443,145,128,291.7,2023-12-03,iOS,Texas
AD0337,USER379,CAMPAIGN2,7306,4388,129,499.86,2023-12-04,iOS,Null
AD0338,USER487,CAMPAIGN1,5696,431,571,75.69,2023-12-05,iOS,Texas
AD0339,USER223,CAMPAIGN11,5901,704,559,408.47,2023-12-06,Android,New York
AD0340,USER342,CAMPAIGN14,2906,2632,28,104.05,2023-12-07,Other,New York
AD0341,USER65,CAMPAIGN18,637,4494,96,391.3,2023-12-08,Other,Unknown
AD0342,USER74,CAMPAIGN14,6086,963,9,367.42,2023-12-09,Android,Texas
AD0343,USER418,CAMPAIGN12,1941,2234,241,150.59,2023-12-10,iOS,Null
AD0344,USER72,CAMPAIGN13,8816,2041,825,163.25,2023-12-11,Android,Texas
AD0345,USER409,CAMPAIGN4,7071,1828,955,396.36,2023-12-12,Android,California
AD0346,USER66,CAMPAIGN15,5725,2108,231,230.99,2023-12-13,iOS,Unknown
AD0347,USER384,CAMPAIGN15,3050,4068,788,365.54,2023-12-14,Android,Unknown
AD0348,USER67,CAMPAIGN11,8092,938,283,74.42,2023-12-15,Other,Null
AD0349,USER364,CAMPAIGN15,4880,4805,714,426.35,2023-12-16,Android,Null
AD0350,USER451,CAMPAIGN12,2468,806,758,355.59,2023-12-17,Android,New York
AD0351,USER89,CAMPAIGN7,6755,1463,801,453.52,2023-12-18,iOS,Florida
AD0352,USER280,CAMPAIGN5,8273,3415,775,66.62,2023-12-19,iOS,Florida
AD0353,USER179,CAMPAIGN7,4595,10,954,296.71,2023-12-20,Android,Null
AD0354,USER139,CAMPAIGN1,9263,1868,725,299.76,2023-12-21,iOS,Unknown
AD0355,USER257,CAMPAIGN12,6102,4867,199,177.05,2023-12-22,Other,Florida
AD0356,USER485,CAMPAIGN5,6714,884,944,229.5,2023-12-23,iOS,California
AD0357,USER182,CAMPAIGN1,9458,3564,78,19.47,2023-12-24,Android,Florida
AD0358,USER311,CAMPAIGN1,6019,1389,912,373.06,2023-12-25,Android,Florida
AD0359,USER207,CAMPAIGN7,953,3401,955,274.89,2023-12-26,iOS,Null
AD0360,USER430,CAMPAIGN8,4246,4321,854,29.34,2023-12-27,Other,Null
AD0361,USER366,CAMPAIGN18,3869,824,855,340.54,2023-12-28,Android,New York
AD0362,USER468,CAMPAIGN19,674,2265,172,233.66,2023-12-29,Other,California
AD0363,USER85,CAMPAIGN5,1248,936,466,17.71,2023-12-30,iOS,Texas
AD0364,USER453,CAMPAIGN19,6393,2800,580,484.82,2023-12-31,Other,New York
AD0365,USER220,CAMPAIGN10,6557,2553,415,474.58,2024-01-01,Other,Florida
AD0366,USER330,CAMPAIGN19,7609,3845,939,256.69,2024-01-02,Other,New York
AD0367,USER178,CAMPAIGN15,4877,1796,448,47.29,2024-01-03,Other,Null
AD0368,USER349,CAMPAIGN19,3954,53,86,377.43,2024-01-04,iOS,Unknown
AD0369,USER478,CAMPAIGN9,2591,726,100,246.22,2024-01-05,Android,California
AD0370,USER294,CAMPAIGN1,3224,2736,7,151.57,2024-01-06,Android,California
AD0371,USER413,CAMPAIGN7,5791,3170,844,245.96,2024-01-07,iOS,Florida
AD0372,USER313,CAMPAIGN3,3151,1913,199,261.46,2024-01-08,Other,Texas
AD0373,USER435,CAMPAIGN6,104,1596,504,281.57,2024-01-09,Android,Unknown
AD0374,USER39,CAMPAIGN17,5322,1914,86,220.89,2024-01-10,Other,New York
AD0375,USER13,CAMPAIGN12,5415,2466,42,303.07,2024-01-11,Other,California
AD0376,USER333,CAMPAIGN10,4969,2737,384,459.41,2024-01-12,Other,California
AD0377,USER429,CAMPAIGN16,976,849,620,181.45,2024-01-13,iOS,Unknown
AD0378,USER77,CAMPAIGN12,9283,2109,434,363.0,2024-01-14,Android,Florida
AD0379,USER383,CAMPAIGN12,7127,2,407,447.28,2024-01-15,Android,Texas
AD0380,USER290,CAMPAIGN15,4242,4255,482,228.26,2024-01-16,iOS,Unknown
AD0381,USER224,CAMPAIGN12,7066,4069,663,222.01,2024-01-17,Android,California
AD0382,USER138,CAMPAIGN8,7179,4876,16,301.26,2024-01-18,Other,Florida
AD0383,USER134,CAMPAIGN7,8087,892,644,295.91,2024-01-19,iOS,Texas
AD0384,USER351,CAMPAIGN20,6899,2030,147,403.39,2024-01-20,Other,Florida
AD0385,USER179,CAMPAIGN19,4565,3160,276,238.5,2024-01-21,iOS,Florida
AD0386,USER451,CAMPAIGN20,735,2376,231,498.06,2024-01-22,Android,California
AD0387,USER272,CAMPAIGN18,1793,4675,825,30.21,2024-01-23,Other,Texas
AD0388,USER36,CAMPAIGN20,9974,1933,926,2.08,2024-01-24,Other,New York
AD0389,USER450,CAMPAIGN14,4852,1380,365,320.28,2024-01-25,Android,Texas
AD0390,USER204,CAMPAIGN6,8411,3681,227,149.57,2024-01-26,Other,California
AD0391,USER97,CAMPAIGN5,930,1290,650,120.57,2024-01-27,Android,Null
AD0392,USER366,CAMPAIGN11,5277,1640,435,156.29,2024-01-28,Android,New York
AD0393,USER463,CAMPAIGN4,9661,2682,398,128.4,2024-01-29,Android,Null
AD0394,USER467,CAMPAIGN12,9032,987,210,15.88,2024-01-30,iOS,Texas
AD0395,USER211,CAMPAIGN4,8408,1218,390,485.78,2024-01-31,Android,Florida
AD0396,USER237,CAMPAIGN3,6049,1355,498,110.76,2024-02-01,Android,Texas
AD0397,USER385,CAMPAIGN6,2938,4265,539,367.15,2024-02-02,Other,Unknown
AD0398,USER62,CAMPAIGN3,1250,4616,562,381.42,2024-02-03,Other,Unknown
AD0399,USER68,CAMPAIGN7,7660,4135,490,464.66,2024-02-04,iOS,Florida
AD0400,USER311,CAMPAIGN5,2031,1560,441,15.76,2024-02-05,iOS,Florida
AD0401,USER76,CAMPAIGN10,9304,1418,260,436.09,2024-02-06,Android,Null
AD0402,USER436,CAMPAIGN3,1764,954,772,263.85,2024-02-07,Other,Null
AD0403,USER453,CAMPAIGN20,1181,983,349,316.46,2024-02-08,Other,Texas
AD0404,USER192,CAMPAIGN20,612,974,351,322.41,2024-02-09,Android,Null
AD0405,USER357,CAMPAIGN8,7905,4133,519,409.99,2024-02-10,iOS,Null
AD0406,USER7,CAMPAIGN1,5337,3972,319,167.04,2024-02-11,Other,Florida
AD0407,USER20,CAMPAIGN1,659,913,137,366.66,2024-02-12,Android,Texas
AD0408,USER82,CAMPAIGN18,3772,4549,549,264.52,2024-02-13,Android,New York
AD0409,USER54,CAMPAIGN2,7504,36,622,396.8,2024-02-14,iOS,Unknown
AD0410,USER207,CAMPAIGN3,3443,3387,991,495.28,2024-02-15,iOS,Unknown
AD0411,USER417,CAMPAIGN1,4170,1711,367,100.73,2024-02-16,Other,California
AD0412,USER192,CAMPAIGN7,9762,3020,219,497.33,2024-02-17,iOS,Null
AD0413,USER449,CAMPAIGN9,680,795,336,45.36,2024-02-18,iOS,Unknown
AD0414,USER144,CAMPAIGN2,7104,4036,222,1.66,2024-02-19,iOS,Null
AD0415,USER466,CAMPAIGN17,8230,4688,647,22.56,2024-02-20,Other,Florida
AD0416,USER228,CAMPAIGN20,3247,3111,767,171.22,2024-02-21,Other,Null
AD0417,USER62,CAMPAIGN8,4349,1324,359,316.64,2024-02-22,Other,New York
AD0418,USER263,CAMPAIGN12,1779,317,920,34.98,2024-02-23,iOS,Florida
AD0419,USER54,CAMPAIGN11,3606,2396,328,3.33,2024-02-24,Other,Unknown
AD0420,USER398,CAMPAIGN11,7353,2162,961,468.58,2024-02-25,Android,Unknown
AD0421,USER203,CAMPAIGN3,2844,2745,462,411.05,2024-02-26,Other,Null
AD0422,USER85,CAMPAIGN16,9535,1591,945,404.69,2024-02-27,Other,Texas
AD0423,USER91,CAMPAIGN4,5288,3111,962,442.27,2024-02-28,Android,Unknown
AD0424,USER395,CAMPAIGN17,2241,3930,560,350.17,2024-02-29,Other,Florida
AD0425,USER398,CAMPAIGN20,6717,1996,803,52.65,2024-03-01,Other,Null
AD0426,USER310,CAMPAIGN4,2579,1312,381,199.85,2024-03-02,iOS,Florida
AD0427,USER44,CAMPAIGN19,6584,1285,835,361.71,2024-03-03,iOS,Texas
AD0428,USER331,CAMPAIGN5,9927,4311,589,140.53,2024-03-04,iOS,Null
AD0429,USER166,CAMPAIGN18,7521,2383,616,343.86,2024-03-05,Android,Florida
AD0430,USER230,CAMPAIGN10,4552,3239,168,12.74,2024-03-06,iOS,New York
AD0431,USER165,CAMPAIGN8,5981,2139,216,153.42,2024-03-07,Android,California
AD0432,USER442,CAMPAIGN20,6765,1704,377,274.79,2024-03-08,Other,Texas
AD0433,USER61,CAMPAIGN15,2949,362,118,316.23,2024-03-09,Android,New York
AD0434,USER205,CAMPAIGN18,7490,2604,189,288.73,2024-03-10,iOS,New York
AD0435,USER72,CAMPAIGN8,7005,1716,766,349.03,2024-03-11,Android,New York
AD0436,USER313,CAMPAIGN17,2589,4451,369,3.54,2024-03-12,Other,Unknown
AD0437,USER6,CAMPAIGN17,9923,4286,777,50.92,2024-03-13,iOS,Florida
AD0438,USER95,CAMPAIGN3,9307,3738,148,434.54,2024-03-14,Other,California
AD0439,USER401,CAMPAIGN11,9640,2469,675,341.03,2024-03-15,iOS,Unknown
AD0440,USER126,CAMPAIGN3,4711,4795,651,56.91,2024-03-16,iOS,California
AD0441,USER382,CAMPAIGN10,2939,556,858,421.12,2024-03-17,iOS,Texas
AD0442,USER223,CAMPAIGN2,8627,825,487,121.49,2024-03-18,Android,Null
AD0443,USER186,CAMPAIGN10,5978,2808,769,239.39,2024-03-19,Other,California
AD0444,USER232,CAMPAIGN19,9187,4521,373,73.03,2024-03-20,Android,New York
AD0445,USER252,CAMPAIGN15,6403,2719,780,355.2,2024-03-21,Android,Florida
AD0446,USER389,CAMPAIGN12,951,3508,692,333.59,2024-03-22,iOS,New York
AD0447,USER341,CAMPAIGN3,1787,3741,159,105.95,2024-03-23,iOS,Null
AD0448,USER169,CAMPAIGN5,6933,1574,350,431.77,2024-03-24,Other,Texas
AD0449,USER487,CAMPAIGN18,2527,3998,911,200.95,2024-03-25,Android,Unknown
AD0450,USER313,CAMPAIGN17,9860,2129,287,146.61,2024-03-26,Android,Florida
AD0451,USER295,CAMPAIGN3,4100,2403,287,76.59,2024-03-27,iOS,Null
AD0452,USER245,CAMPAIGN2,5152,3329,891,133.45,2024-03-28,Other,California
AD0453,USER116,CAMPAIGN2,2838,588,225,11.5,2024-03-29,iOS,Texas
AD0454,USER317,CAMPAIGN2,5832,2012,522,291.84,2024-03-30,Other,Florida
AD0455,USER83,CAMPAIGN19,5487,1547,521,421.19,2024-03-31,Android,California
AD0456,USER284,CAMPAIGN18,8102,294,782,274.72,2024-04-01,Other,Null
AD0457,USER175,CAMPAIGN18,5636,1985,272,110.03,2024-04-02,iOS,New York
AD0458,USER489,CAMPAIGN6,4013,3117,935,17.32,2024-04-03,iOS,New York
AD0459,USER298,CAMPAIGN2,1166,1690,401,107.71,2024-04-04,Android,Texas
AD0460,USER141,CAMPAIGN6,7823,1136,182,208.35,2024-04-05,iOS,California
AD0461,USER149,CAMPAIGN13,4480,2064,968,379.93,2024-04-06,iOS,California
AD0462,USER346,CAMPAIGN3,4207,4455,664,94.33,2024-04-07,iOS,Florida
AD0463,USER66,CAMPAIGN4,5826,4795,487,360.04,2024-04-08,Android,Texas
AD0464,USER121,CAMPAIGN17,3473,4543,826,433.53,2024-04-09,Other,Unknown
AD0465,USER3,CAMPAIGN2,9045,4770,845,227.25,2024-04-10,Android,Florida
AD0466,USER255,CAMPAIGN1,2182,1007,123,410.81,2024-04-11,Android,Unknown
AD0467,USER233,CAMPAIGN6,9067,2514,984,277.55,2024-04-12,Other,New York
AD0468,USER212,CAMPAIGN7,6848,3526,625,318.73,2024-04-13,Other,New York
AD0469,USER417,CAMPAIGN18,9917,4681,789,263.38,2024-04-14,iOS,Texas
AD0470,USER371,CAMPAIGN16,517,1247,413,231.85,2024-04-15,Other,Null
AD0471,USER498,CAMPAIGN3,8406,3902,979,117.71,2024-04-16,Android,Florida
AD0472,USER133,CAMPAIGN2,8908,1435,724,151.95,2024-04-17,Other,Florida
AD0473,USER310,CAMPAIGN3,4074,571,171,145.34,2024-04-18,Other,Null
AD0474,USER333,CAMPAIGN17,3367,2382,287,281.86,2024-04-19,Other,Unknown
AD0475,USER59,CAMPAIGN19,925,1245,434,60.42,2024-04-20,iOS,New York
AD0476,USER343,CAMPAIGN10,7768,2084,685,458.44,2024-04-21,Android,California
AD0477,USER32,CAMPAIGN13,5845,277,112,360.47,2024-04-22,Android,Florida
AD0478,USER5,CAMPAIGN18,9808,1887,887,201.02,2024-04-23,Other,New York
AD0479,USER458,CAMPAIGN17,512,4579,916,79.73,2024-04-24,Android,Florida
AD0480,USER181,CAMPAIGN10,7643,1265,994,441.06,2024-04-25,iOS,Unknown
AD0481,USER216,CAMPAIGN7,7687,4826,121,411.98,2024-04-26,Other,Null
AD0482,USER180,CAMPAIGN15,828,1040,543,361.0,2024-04-27,Android,Unknown
AD0483,USER334,CAMPAIGN15,7264,917,221,136.14,2024-04-28,Other,California
AD0484,USER206,CAMPAIGN5,8967,885,630,201.52,2024-04-29,Android,New York
AD0485,USER138,CAMPAIGN2,6088,2752,38,51.82,2024-04-30,iOS,Unknown
AD0486,USER66,CAMPAIGN9,2604,21,496,94.93,2024-05-01,Other,New York
AD0487,USER196,CAMPAIGN19,3067,4569,779,391.62,2024-05-02,Android,New York
AD0488,USER475,CAMPAIGN6,2886,3191,232,357.66,2024-05-03,iOS,California
AD0489,USER408,CAMPAIGN8,1222,2353,942,296.95,2024-05-04,iOS,Null
AD0490,USER301,CAMPAIGN9,4179,4799,529,447.92,2024-05-05,Android,New York
AD0491,USER431,CAMPAIGN11,1671,686,148,291.84,2024-05-06,iOS,Florida
AD0492,USER360,CAMPAIGN3,5173,284,396,233.75,2024-05-07,Android,Texas
AD0493,USER120,CAMPAIGN7,5204,4811,660,170.52,2024-05-08,Android,New York
AD0494,USER468,CAMPAIGN13,2243,3747,637,470.25,2024-05-09,iOS,Florida
AD0495,USER64,CAMPAIGN7,9979,762,903,41.82,2024-05-10,Android,Florida
AD0496,USER183,CAMPAIGN11,6906,2428,301,465.48,2024-05-11,Other,Null
AD0497,USER361,CAMPAIGN16,7457,2507,359,413.44,2024-05-12,iOS,Unknown
AD0498,USER62,CAMPAIGN6,3540,28,237,65.4,2024-05-13,Android,Null
AD0499,USER78,CAMPAIGN9,3866,906,646,282.71,2024-05-14,Android,New York
AD0500,USER66,CAMPAIGN18,5744,3104,662,433.34,2024-05-15,iOS,New York
AD0501,USER2,CAMPAIGN3,3014,3999,235,286.12,2024-05-16,iOS,Unknown
AD0502,USER309,CAMPAIGN7,5068,2994,735,453.65,2024-05-17,Other,Florida
AD0503,USER57,CAMPAIGN19,6017,2506,202,471.52,2024-05-18,Android,Null
AD0504,USER288,CAMPAIGN18,8887,4665,255,211.48,2024-05-19,Android,New York
AD0505,USER9,CAMPAIGN17,828,3609,597,188.97,2024-05-20,Other,New York
AD0506,USER358,CAMPAIGN10,1465,3553,661,468.19,2024-05-21,Other,California
AD0507,USER456,CAMPAIGN9,4592,1453,234,337.73,2024-05-22,iOS,New York
AD0508,USER118,CAMPAIGN14,798,4833,344,58.45,2024-05-23,Android,Florida
AD0509,USER137,CAMPAIGN15,7286,3356,533,21.62,2024-05-24,Other,Texas
AD0510,USER234,CAMPAIGN20,495,515,859,282.53,2024-05-25,iOS,New York
AD0511,USER409,CAMPAIGN18,7500,38,796,465.12,2024-05-26,Other,Unknown
AD0512,USER240,CAMPAIGN14,8182,3342,780,422.2,2024-05-27,iOS,Texas
AD0513,USER500,CAMPAIGN1,4271,886,465,338.09,2024-05-28,Android,Florida
AD0514,USER166,CAMPAIGN3,4460,2844,769,69.99,2024-05-29,iOS,California
AD0515,USER1,CAMPAIGN9,2602,2204,540,127.49,2024-05-30,Android,Texas
AD0516,USER332,CAMPAIGN6,817,1098,212,437.82,2024-05-31,iOS,Texas
AD0517,USER169,CAMPAIGN8,2882,1823,462,91.81,2024-06-01,Android,Florida
AD0518,USER343,CAMPAIGN8,5046,3201,435,139.58,2024-06-02,iOS,California
AD0519,USER422,CAMPAIGN8,5586,3155,282,65.24,2024-06-03,iOS,Texas
AD0520,USER468,CAMPAIGN14,8435,3093,561,338.22,2024-06-04,Other,Texas
AD0521,USER312,CAMPAIGN14,5080,3530,606,472.02,2024-06-05,Other,Unknown
AD0522,USER170,CAMPAIGN12,7366,3778,462,134.85,2024-06-06,Android,Null
AD0523,USER204,CAMPAIGN8,4591,2896,406,237.97,2024-06-07,Other,Florida
AD0524,USER152,CAMPAIGN17,7292,3453,87,317.35,2024-06-08,Other,Texas
AD0525,USER473,CAMPAIGN20,5688,3511,43,499.73,2024-06-09,Android,Unknown
AD0526,USER221,CAMPAIGN15,7751,988,460,52.85,2024-06-10,Other,Florida
AD0527,USER398,CAMPAIGN4,3736,4116,277,249.54,2024-06-11,Other,Unknown
AD0528,USER483,CAMPAIGN16,1267,4964,682,192.87,2024-06-12,Android,California
AD0529,USER462,CAMPAIGN19,1162,4026,420,432.98,2024-06-13,Other,Null
AD0530,USER329,CAMPAIGN3,2256,4179,700,238.25,2024-06-14,Android,Unknown
AD0531,USER4,CAMPAIGN3,7960,1682,352,55.93,2024-06-15,Android,Null
AD0532,USER111,CAMPAIGN9,5261,4665,695,317.39,2024-06-16,iOS,Unknown
AD0533,USER327,CAMPAIGN2,5405,3963,514,385.5,2024-06-17,Android,California
AD0534,USER303,CAMPAIGN16,6641,933,702,1.94,2024-06-18,Other,New York
AD0535,USER126,CAMPAIGN1,4829,3598,629,429.55,2024-06-19,iOS,New York
AD0536,USER411,CAMPAIGN6,9448,3233,18,93.42,2024-06-20,Other,Null
AD0537,USER363,CAMPAIGN7,7430,1980,22,276.26,2024-06-21,Other,Unknown
AD0538,USER467,CAMPAIGN18,5434,1855,412,208.19,2024-06-22,Other,California
AD0539,USER274,CAMPAIGN16,9024,3056,29,359.97,2024-06-23,Android,California
AD0540,USER145,CAMPAIGN15,4430,792,806,185.9,2024-06-24,Android,Texas
AD0541,USER1,CAMPAIGN12,8110,791,107,434.95,2024-06-25,Android,Florida
AD0542,USER199,CAMPAIGN4,6901,1809,366,365.38,2024-06-26,iOS,California
AD0543,USER359,CAMPAIGN19,4946,2255,280,324.03,2024-06-27,Android,Texas
AD0544,USER296,CAMPAIGN9,6831,3610,127,398.22,2024-06-28,iOS,New York
AD0545,USER232,CAMPAIGN15,7341,1607,228,377.13,2024-06-29,Other,Null
AD0546,USER342,CAMPAIGN17,1053,984,110,18.45,2024-06-30,Android,Florida
AD0547,USER377,CAMPAIGN18,2639,3676,135,197.67,2024-07-01,Other,California
AD0548,USER63,CAMPAIGN5,7156,3380,361,465.44,2024-07-02,iOS,California
AD0549,USER339,CAMPAIGN7,1642,519,185,63.3,2024-07-03,Android,Unknown
AD0550,USER393,CAMPAIGN11,5393,590,655,368.68,2024-07-04,iOS,New York
AD0551,USER164,CAMPAIGN2,1291,1050,583,487.31,2024-07-05,iOS,California
AD0552,USER268,CAMPAIGN20,6413,3633,128,26.57,2024-07-06,Other,Florida
AD0553,USER109,CAMPAIGN10,7038,4444,875,341.26,2024-07-07,Other,California
AD0554,USER247,CAMPAIGN3,2781,959,260,234.34,2024-07-08,iOS,California
AD0555,USER474,CAMPAIGN19,9509,692,514,289.8,2024-07-09,Other,Florida
AD0556,USER280,CAMPAIGN7,1640,3899,448,43.13,2024-07-10,Other,Unknown
AD0557,USER264,CAMPAIGN16,6272,4473,899,21.98,2024-07-11,iOS,California
AD0558,USER39,CAMPAIGN20,5641,2946,103,333.6,2024-07-12,Other,New York
AD0559,USER97,CAMPAIGN6,9680,526,482,411.74,2024-07-13,Other,Unknown
AD0560,USER457,CAMPAIGN17,1465,3224,223,391.12,2024-07-14,Other,California
AD0561,USER150,CAMPAIGN10,8791,2253,831,272.13,2024-07-15,Other,Texas
AD0562,USER315,CAMPAIGN3,9972,3344,873,50.38,2024-07-16,Android,Null
AD0563,USER485,CAMPAIGN8,8802,3965,865,344.18,2024-07-17,Android,Florida
AD0564,USER310,CAMPAIGN5,7594,1875,490,121.32,2024-07-18,Android,Unknown
AD0565,USER32,CAMPAIGN4,4412,1763,472,455.58,2024-07-19,Android,Florida
AD0566,USER286,CAMPAIGN6,1424,520,9,419.21,2024-07-20,iOS,New York
AD0567,USER33,CAMPAIGN7,9447,1016,404,354.84,2024-07-21,iOS,New York
AD0568,USER138,CAMPAIGN19,3241,116,895,474.45,2024-07-22,Android,California
AD0569,USER472,CAMPAIGN13,7519,2433,301,16.2,2024-07-23,Android,Texas
AD0570,USER318,CAMPAIGN11,3586,583,230,368.23,2024-07-24,iOS,Texas
AD0571,USER412,CAMPAIGN19,1910,394,730,165.46,2024-07-25,Other,Florida
AD0572,USER444,CAMPAIGN16,6688,3788,922,453.08,2024-07-26,iOS,Unknown
AD0573,USER77,CAMPAIGN17,3023,2768,65,133.7,2024-07-27,Other,Null
AD0574,USER213,CAMPAIGN2,5401,4167,936,362.57,2024-07-28,Other,New York
AD0575,USER185,CAMPAIGN15,4286,3860,111,438.88,2024-07-29,Other,New York
AD0576,USER161,CAMPAIGN9,9005,273,12,21.31,2024-07-30,Other,Florida
AD0577,USER303,CAMPAIGN14,6077,2013,392,199.12,2024-07-31,Android,Unknown
AD0578,USER400,CAMPAIGN18,4368,4433,499,381.27,2024-08-01,Other,Null
AD0579,USER135,CAMPAIGN20,4848,1389,931,227.73,2024-08-02,iOS,Unknown
AD0580,USER361,CAMPAIGN20,4949,3566,597,133.99,2024-08-03,Android,Unknown
AD0581,USER480,CAMPAIGN15,9535,4702,233,110.29,2024-08-04,Other,Unknown
AD0582,USER124,CAMPAIGN11,3809,165,601,66.19,2024-08-05,Other,California
AD0583,USER212,CAMPAIGN8,9373,1567,313,428.64,2024-08-06,iOS,Null
AD0584,USER24,CAMPAIGN5,6719,728,565,287.89,2024-08-07,iOS,Florida
AD0585,USER121,CAMPAIGN12,8747,2043,11,38.65,2024-08-08,iOS,Null
AD0586,USER405,CAMPAIGN19,9186,4197,208,191.6,2024-08-09,Other,New York
AD0587,USER351,CAMPAIGN4,9676,3496,973,184.18,2024-08-10,Android,New York
AD0588,USER176,CAMPAIGN3,3172,778,13,91.28,2024-08-11,Other,Florida
AD0589,USER435,CAMPAIGN5,6630,213,632,218.04,2024-08-12,iOS,Unknown
AD0590,USER356,CAMPAIGN7,604,3762,417,166.38,2024-08-13,iOS,Unknown
AD0591,USER167,CAMPAIGN5,1314,1576,436,171.23,2024-08-14,iOS,Null
AD0592,USER194,CAMPAIGN3,1631,2448,376,369.64,2024-08-15,Android,Unknown
AD0593,USER285,CAMPAIGN10,7676,2936,19,112.02,2024-08-16,Android,Florida
AD0594,USER58,CAMPAIGN19,923,3117,586,321.11,2024-08-17,iOS,Null
AD0595,USER111,CAMPAIGN18,1028,591,911,285.54,2024-08-18,Other,Unknown
AD0596,USER387,CAMPAIGN6,5129,2720,754,284.26,2024-08-19,Android,Florida
AD0597,USER375,CAMPAIGN14,233,713,734,331.67,2024-08-20,Android,Null
AD0598,USER34,CAMPAIGN2,2205,935,69,274.42,2024-08-21,iOS,Florida
AD0599,USER470,CAMPAIGN9,3727,4337,823,439.69,2024-08-22,Other,Florida
AD0600,USER317,CAMPAIGN17,6416,1,210,337.95,2024-08-23,iOS,Null
AD0601,USER241,CAMPAIGN16,1952,2848,100,273.71,2024-08-24,Other,Florida
AD0602,USER6,CAMPAIGN20,5010,4044,697,414.97,2024-08-25,Other,New York
AD0603,USER115,CAMPAIGN4,4275,1949,131,303.27,2024-08-26,iOS,California
AD0604,USER499,CAMPAIGN18,5448,917,622,145.93,2024-08-27,iOS,Null
AD0605,USER319,CAMPAIGN4,9542,3174,380,103.94,2024-08-28,Android,California
AD0606,USER115,CAMPAIGN13,6290,2241,131,76.59,2024-08-29,Other,California
AD0607,USER49,CAMPAIGN1,1356,89,19,449.78,2024-08-30,iOS,Texas
AD0608,USER96,CAMPAIGN14,3476,1709,905,355.21,2024-08-31,Other,Null
AD0609,USER24,CAMPAIGN11,5745,2169,535,468.72,2024-09-01,Android,California
AD0610,USER157,CAMPAIGN13,3586,4238,226,301.84,2024-09-02,Android,Florida
AD0611,USER427,CAMPAIGN5,3684,3041,153,236.96,2024-09-03,Android,New York
AD0612,USER211,CAMPAIGN15,9688,105,804,30.33,2024-09-04,Other,New York
AD0613,USER71,CAMPAIGN20,8153,886,741,335.99,2024-09-05,iOS,Florida
AD0614,USER40,CAMPAIGN6,3430,427,468,291.31,2024-09-06,Android,New York
AD0615,USER2,CAMPAIGN7,2803,1895,821,495.11,2024-09-07,Other,New York
AD0616,USER165,CAMPAIGN14,8762,316,999,119.96,2024-09-08,Android,California
AD0617,USER394,CAMPAIGN17,8220,634,870,265.6,2024-09-09,Android,New York
AD0618,USER255,CAMPAIGN15,7214,1925,404,325.65,2024-09-10,iOS,Unknown
AD0619,USER61,CAMPAIGN4,1453,2056,201,322.47,2024-09-11,Other,New York
AD0620,USER284,CAMPAIGN5,5163,3144,37,280.87,2024-09-12,Android,Unknown
AD0621,USER373,CAMPAIGN12,8649,2270,941,388.58,2024-09-13,iOS,Texas
AD0622,USER81,CAMPAIGN18,7675,1439,771,102.89,2024-09-14,Other,Florida
AD0623,USER12,CAMPAIGN8,767,552,187,362.95,2024-09-15,Other,Texas
AD0624,USER438,CAMPAIGN2,4568,715,56,310.06,2024-09-16,iOS,New York
AD0625,USER98,CAMPAIGN14,9437,3911,940,448.09,2024-09-17,Android,Null
AD0626,USER265,CAMPAIGN4,6919,1713,19,423.67,2024-09-18,iOS,Unknown
AD0627,USER33,CAMPAIGN7,3819,3389,272,157.92,2024-09-19,Other,Null
AD0628,USER459,CAMPAIGN4,2845,1107,118,138.48,2024-09-20,iOS,Texas
AD0629,USER407,CAMPAIGN2,7583,4206,582,490.84,2024-09-21,Android,New York
AD0630,USER321,CAMPAIGN3,639,250,515,263.87,2024-09-22,Other,Florida
AD0631,USER350,CAMPAIGN17,5064,2430,220,453.26,2024-09-23,Other,California
AD0632,USER231,CAMPAIGN4,4935,2054,525,82.36,2024-09-24,iOS,Unknown
AD0633,USER315,CAMPAIGN8,3875,458,514,321.59,2024-09-25,iOS,Texas
AD0634,USER127,CAMPAIGN14,6142,207,727,405.03,2024-09-26,Other,Texas
AD0635,USER292,CAMPAIGN9,7202,899,740,473.72,2024-09-27,Other,Florida
AD0636,USER147,CAMPAIGN7,7412,3461,335,169.0,2024-09-28,iOS,Null
AD0637,USER454,CAMPAIGN5,5420,3385,697,362.63,2024-09-29,Other,New York
AD0638,USER108,CAMPAIGN16,6232,21,54,269.64,2024-09-30,Other,Unknown
AD0639,USER359,CAMPAIGN16,7991,409,499,30.78,2024-10-01,Other,California
AD0640,USER202,CAMPAIGN19,2879,894,899,345.15,2024-10-02,Other,Unknown
AD0641,USER111,CAMPAIGN3,1024,514,887,345.2,2024-10-03,iOS,California
AD0642,USER96,CAMPAIGN2,1681,4904,765,465.34,2024-10-04,iOS,Florida
AD0643,USER383,CAMPAIGN20,7814,4969,535,248.91,2024-10-05,iOS,Texas
AD0644,USER112,CAMPAIGN4,3424,4109,161,115.51,2024-10-06,iOS,New York
AD0645,USER419,CAMPAIGN10,5813,2134,669,22.76,2024-10-07,iOS,Null
AD0646,USER104,CAMPAIGN17,7126,3595,593,208.11,2024-10-08,iOS,New York
AD0647,USER85,CAMPAIGN14,355,2956,914,151.31,2024-10-09,iOS,Unknown
AD0648,USER146,CAMPAIGN8,4904,1560,158,380.66,2024-10-10,Android,Texas
AD0649,USER226,CAMPAIGN12,1938,1266,187,177.46,2024-10-11,iOS,Null
AD0650,USER428,CAMPAIGN10,109,2169,59,474.56,2024-10-12,iOS,Florida
AD0651,USER372,CAMPAIGN18,2971,3638,914,481.17,2024-10-13,Other,Unknown
AD0652,USER118,CAMPAIGN1,9089,749,816,310.64,2024-10-14,Other,California
AD0653,USER335,CAMPAIGN4,7509,3427,318,464.37,2024-10-15,Android,California
AD0654,USER20,CAMPAIGN10,7518,4780,877,380.55,2024-10-16,Other,Unknown
AD0655,USER216,CAMPAIGN11,5224,1927,210,273.66,2024-10-17,iOS,Unknown
AD0656,USER426,CAMPAIGN19,1115,3804,405,90.56,2024-10-18,iOS,Texas
AD0657,USER312,CAMPAIGN1,2293,3702,663,229.57,2024-10-19,iOS,Florida
AD0658,USER28,CAMPAIGN4,8515,2356,108,280.66,2024-10-20,Other,Texas
AD0659,USER408,CAMPAIGN5,7549,4790,75,432.05,2024-10-21,iOS,Null
AD0660,USER233,CAMPAIGN20,4258,2335,541,240.93,2024-10-22,Other,Florida
AD0661,USER210,CAMPAIGN6,4025,306,313,448.89,2024-10-23,Android,California
AD0662,USER287,CAMPAIGN16,7070,3665,997,337.34,2024-10-24,iOS,California
AD0663,USER364,CAMPAIGN20,7038,1989,116,68.93,2024-10-25,Android,Florida
AD0664,USER364,CAMPAIGN20,4884,661,926,497.49,2024-10-26,iOS,California
AD0665,USER381,CAMPAIGN10,4100,4644,867,263.85,2024-10-27,iOS,Null
AD0666,USER224,CAMPAIGN11,1733,311,703,196.23,2024-10-28,Other,New York
AD0667,USER164,CAMPAIGN10,7366,2920,18,329.73,2024-10-29,Android,California
AD0668,USER378,CAMPAIGN8,8802,1082,431,54.89,2024-10-30,iOS,California
AD0669,USER92,CAMPAIGN20,484,2971,684,318.45,2024-10-31,Other,Unknown
AD0670,USER403,CAMPAIGN16,504,754,739,249.37,2024-11-01,iOS,Florida
AD0671,USER500,CAMPAIGN9,8275,4130,349,203.63,2024-11-02,iOS,California
AD0672,USER26,CAMPAIGN10,2100,4540,182,476.53,2024-11-03,Other,Null
AD0673,USER470,CAMPAIGN17,9960,352,112,261.51,2024-11-04,Android,New York
AD0674,USER206,CAMPAIGN20,6089,902,182,109.95,2024-11-05,Other,New York
AD0675,USER177,CAMPAIGN10,1560,3888,480,229.75,2024-11-06,Android,Texas
AD0676,USER459,CAMPAIGN19,7290,158,145,459.73,2024-11-07,Other,Texas
AD0677,USER141,CAMPAIGN6,7240,1977,830,88.46,2024-11-08,Android,California
AD0678,USER324,CAMPAIGN15,3736,956,627,107.37,2024-11-09,Android,Texas
AD0679,USER451,CAMPAIGN4,4909,2071,112,7.01,2024-11-10,iOS,Texas
AD0680,USER447,CAMPAIGN12,4278,403,762,7.59,2024-11-11,Android,Null
AD0681,USER259,CAMPAIGN10,7345,4611,475,414.78,2024-11-12,Other,Unknown
AD0682,USER281,CAMPAIGN4,6700,2779,762,366.2,2024-11-13,Other,Null
AD0683,USER1,CAMPAIGN14,6097,1387,302,177.84,2024-11-14,Other,Unknown
AD0684,USER115,CAMPAIGN5,2148,3453,970,349.31,2024-11-15,Android,Florida
AD0685,USER185,CAMPAIGN6,4880,955,824,197.91,2024-11-16,iOS,California
AD0686,USER179,CAMPAIGN9,816,1712,117,476.47,2024-11-17,iOS,Null
AD0687,USER72,CAMPAIGN4,8039,4703,812,483.54,2024-11-18,iOS,Florida
AD0688,USER343,CAMPAIGN1,5665,1273,160,196.7,2024-11-19,Android,California
AD0689,USER451,CAMPAIGN10,4644,3811,400,427.18,2024-11-20,iOS,Texas
AD0690,USER148,CAMPAIGN3,5076,2625,197,386.66,2024-11-21,Android,Texas
AD0691,USER166,CAMPAIGN19,3519,2382,259,155.34,2024-11-22,Android,California
AD0692,USER146,CAMPAIGN13,7339,1441,659,116.4,2024-11-23,Android,New York
AD0693,USER115,CAMPAIGN5,9866,2979,751,229.39,2024-11-24,iOS,Florida
AD0694,USER83,CAMPAIGN19,349,1797,46,390.78,2024-11-25,Other,Texas
AD0695,USER4,CAMPAIGN11,8965,4390,986,480.1,2024-11-26,iOS,New York
AD0696,USER393,CAMPAIGN16,870,4009,398,381.91,2024-11-27,iOS,Texas
AD0697,USER117,CAMPAIGN16,4463,4850,709,427.68,2024-11-28,Android,New York
AD0698,USER404,CAMPAIGN1,1177,1394,558,301.73,2024-11-29,Other,California
AD0699,USER383,CAMPAIGN9,8527,4281,77,417.79,2024-11-30,Android,California
AD0700,USER91,CAMPAIGN6,8680,1269,123,392.32,2024-12-01,Android,Null
AD0701,USER479,CAMPAIGN6,8001,4732,74,188.8,2024-12-02,Android,Texas
AD0702,USER99,CAMPAIGN2,4958,3714,870,276.22,2024-12-03,Other,New York
AD0703,USER207,CAMPAIGN15,6644,529,136,402.47,2024-12-04,Other,Unknown
AD0704,USER88,CAMPAIGN14,4819,3623,601,23.51,2024-12-05,Other,Null
AD0705,USER99,CAMPAIGN5,2914,2958,399,404.14,2024-12-06,Android,Texas
AD0706,USER88,CAMPAIGN16,3474,2914,836,89.36,2024-12-07,iOS,New York
AD0707,USER21,CAMPAIGN10,1352,4889,504,257.58,2024-12-08,Other,New York
AD0708,USER419,CAMPAIGN1,7096,3591,499,404.23,2024-12-09,Other,Null
AD0709,USER421,CAMPAIGN16,4773,2147,572,127.28,2024-12-10,Android,New York
AD0710,USER383,CAMPAIGN15,4630,4573,137,123.28,2024-12-11,iOS,Texas
AD0711,USER271,CAMPAIGN17,6981,3369,49,201.68,2024-12-12,Android,Unknown
AD0712,USER427,CAMPAIGN12,7049,939,770,447.37,2024-12-13,Other,Florida
AD0713,USER135,CAMPAIGN4,9621,525,972,0.72,2024-12-14,Other,Null
AD0714,USER131,CAMPAIGN18,6341,1,618,450.74,2024-12-15,Android,Unknown
AD0715,USER435,CAMPAIGN1,8117,374,624,77.33,2024-12-16,Android,California
AD0716,USER64,CAMPAIGN20,7041,2340,861,495.05,2024-12-17,iOS,Unknown
AD0717,USER296,CAMPAIGN14,9650,4005,253,477.45,2024-12-18,Android,Texas
AD0718,USER477,CAMPAIGN4,7102,3052,629,247.59,2024-12-19,iOS,Unknown
AD0719,USER128,CAMPAIGN9,1431,4648,709,256.6,2024-12-20,Other,Null
AD0720,USER181,CAMPAIGN19,4361,2365,848,241.03,2024-12-21,Android,Null
AD0721,USER302,CAMPAIGN15,7748,1525,876,317.9,2024-12-22,Android,Unknown
AD0722,USER7,CAMPAIGN3,9650,4476,562,45.82,2024-12-23,Other,California
AD0723,USER147,CAMPAIGN2,5215,1646,756,16.79,2024-12-24,Other,Null
AD0724,USER386,CAMPAIGN12,4737,13,914,29.32,2024-12-25,iOS,Null
AD0725,USER2,CAMPAIGN20,4954,4599,425,222.46,2024-12-26,Android,Unknown
AD0726,USER280,CAMPAIGN10,3277,2278,546,138.14,2024-12-27,iOS,Florida
AD0727,USER78,CAMPAIGN11,7830,3155,301,311.21,2024-12-28,Other,Florida
AD0728,USER75,CAMPAIGN11,2280,129,921,496.22,2024-12-29,Other,California
AD0729,USER359,CAMPAIGN13,4992,3814,580,193.47,2024-12-30,Android,Texas
AD0730,USER192,CAMPAIGN17,7143,4933,348,287.13,2024-12-31,Android,Florida
AD0731,USER498,CAMPAIGN8,237,3216,831,208.09,2025-01-01,Other,Florida
AD0732,USER488,CAMPAIGN17,6427,2938,932,423.71,2025-01-02,Other,Texas
AD0733,USER125,CAMPAIGN15,3572,3928,979,451.17,2025-01-03,iOS,Unknown
AD0734,USER40,CAMPAIGN11,5549,2040,48,438.74,2025-01-04,iOS,California
AD0735,USER483,CAMPAIGN16,2932,27,916,487.2,2025-01-05,iOS,California
AD0736,USER108,CAMPAIGN10,3679,2113,73,14.25,2025-01-06,Android,Null
AD0737,USER18,CAMPAIGN18,6071,1252,703,419.99,2025-01-07,Other,Unknown
AD0738,USER290,CAMPAIGN11,4264,4356,260,376.01,2025-01-08,Other,Unknown
AD0739,USER478,CAMPAIGN12,8041,2046,355,114.73,2025-01-09,iOS,Texas
AD0740,USER312,CAMPAIGN2,5669,4555,581,478.18,2025-01-10,Other,New York
AD0741,USER308,CAMPAIGN20,4400,4023,601,74.51,2025-01-11,Other,Florida
AD0742,USER206,CAMPAIGN4,6369,4396,259,339.94,2025-01-12,iOS,California
AD0743,USER463,CAMPAIGN9,3918,3374,637,112.83,2025-01-13,Android,New York
AD0744,USER266,CAMPAIGN13,2006,3466,742,215.97,2025-01-14,iOS,Null
AD0745,USER362,CAMPAIGN2,6354,3081,294,359.72,2025-01-15,iOS,Null
AD0746,USER298,CAMPAIGN20,860,3778,930,281.88,2025-01-16,Other,Florida
AD0747,USER298,CAMPAIGN20,7930,629,640,214.04,2025-01-17,iOS,New York
AD0748,USER238,CAMPAIGN4,7450,269,791,163.51,2025-01-18,Android,Unknown
AD0749,USER136,CAMPAIGN19,6338,2639,312,419.91,2025-01-19,iOS,Unknown
AD0750,USER407,CAMPAIGN2,6190,1993,611,72.34,2025-01-20,Other,Null
AD0751,USER385,CAMPAIGN12,6131,2891,837,215.34,2025-01-21,Android,Null
AD0752,USER274,CAMPAIGN7,7787,4957,808,451.93,2025-01-22,Other,New York
AD0753,USER377,CAMPAIGN1,9191,3432,181,423.0,2025-01-23,Android,California
AD0754,USER123,CAMPAIGN2,8572,1280,685,200.77,2025-01-24,iOS,Florida
AD0755,USER312,CAMPAIGN15,1987,2360,827,381.67,2025-01-25,iOS,New York
AD0756,USER356,CAMPAIGN9,3366,575,363,411.67,2025-01-26,iOS,Florida
AD0757,USER160,CAMPAIGN14,766,1307,187,444.5,2025-01-27,iOS,Unknown
AD0758,USER188,CAMPAIGN2,4288,3192,568,272.48,2025-01-28,Android,Texas
AD0759,USER62,CAMPAIGN6,771,3178,542,102.63,2025-01-29,Other,Florida
AD0760,USER277,CAMPAIGN6,6877,2734,595,128.03,2025-01-30,Android,Null
AD0761,USER290,CAMPAIGN6,7670,2212,663,148.2,2025-01-31,iOS,New York
AD0762,USER380,CAMPAIGN15,8056,2352,984,297.1,2025-02-01,Other,Unknown
AD0763,USER148,CAMPAIGN7,5224,3568,547,16.89,2025-02-02,Android,New York
AD0764,USER74,CAMPAIGN11,5685,1655,724,318.2,2025-02-03,Other,Null
AD0765,USER199,CAMPAIGN3,4877,1579,925,182.49,2025-02-04,iOS,California
AD0766,USER422,CAMPAIGN11,4000,2203,407,147.97,2025-02-05,Other,Null
AD0767,USER338,CAMPAIGN3,6777,1390,875,439.81,2025-02-06,Other,Unknown
AD0768,USER319,CAMPAIGN13,7081,1742,617,230.27,2025-02-07,Other,Texas
AD0769,USER379,CAMPAIGN15,6476,1925,413,47.98,2025-02-08,Other,Null
AD0770,USER232,CAMPAIGN12,623,619,341,413.46,2025-02-09,Android,Florida
AD0771,USER83,CAMPAIGN8,2493,1274,219,24.3,2025-02-10,Android,Texas
AD0772,USER429,CAMPAIGN2,2693,956,902,363.51,2025-02-11,iOS,Texas
AD0773,USER397,CAMPAIGN8,7340,1939,162,387.07,2025-02-12,Android,New York
AD0774,USER94,CAMPAIGN3,7037,3953,950,176.63,2025-02-13,Android,Unknown
AD0775,USER369,CAMPAIGN18,6290,2381,219,412.48,2025-02-14,Android,New York
AD0776,USER293,CAMPAIGN11,5340,968,269,258.07,2025-02-15,iOS,New York
AD0777,USER78,CAMPAIGN10,6593,1316,631,231.92,2025-02-16,iOS,Unknown
AD0778,USER413,CAMPAIGN4,2978,1043,905,23.18,2025-02-17,Other,Unknown
AD0779,USER203,CAMPAIGN1,4243,281,847,145.37,2025-02-18,Other,New York
AD0780,USER240,CAMPAIGN17,3744,2844,399,465.54,2025-02-19,Other,California
AD0781,USER225,CAMPAIGN6,4532,1058,181,196.22,2025-02-20,Other,California
AD0782,USER378,CAMPAIGN12,1376,4293,990,273.58,2025-02-21,iOS,Null
AD0783,USER110,CAMPAIGN4,5911,2532,617,266.24,2025-02-22,iOS,Texas
AD0784,USER225,CAMPAIGN15,402,3828,728,295.42,2025-02-23,Android,Florida
AD0785,USER199,CAMPAIGN9,738,1008,204,31.13,2025-02-24,iOS,New York
AD0786,USER453,CAMPAIGN11,155,1229,581,181.41,2025-02-25,Android,New York
AD0787,USER354,CAMPAIGN19,8817,1035,555,361.7,2025-02-26,Other,Unknown
AD0788,USER360,CAMPAIGN20,8250,4585,840,100.68,2025-02-27,iOS,Unknown
AD0789,USER81,CAMPAIGN7,2225,275,812,102.19,2025-02-28,iOS,New York
AD0790,USER80,CAMPAIGN6,464,2740,227,5.54,2025-03-01,Android,New York
AD0791,USER142,CAMPAIGN7,6909,2289,695,219.02,2025-03-02,Android,Null
AD0792,USER328,CAMPAIGN17,4721,1239,618,441.43,2025-03-03,Other,Unknown
AD0793,USER292,CAMPAIGN9,5226,125,595,26.42,2025-03-04,iOS,California
AD0794,USER446,CAMPAIGN7,5222,4065,849,95.96,2025-03-05,iOS,Null
AD0795,USER313,CAMPAIGN3,1746,4312,249,155.39,2025-03-06,Android,Florida
AD0796,USER409,CAMPAIGN2,1018,3868,874,366.0,2025-03-07,Android,New York
AD0797,USER15,CAMPAIGN15,2897,1208,440,320.5,2025-03-08,iOS,Texas
AD0798,USER417,CAMPAIGN19,6606,3249,532,208.26,2025-03-09,Other,Florida
AD0799,USER169,CAMPAIGN17,5970,918,195,379.65,2025-03-10,iOS,Null
AD0800,USER150,CAMPAIGN3,1631,3923,689,305.01,2025-03-11,Android,California
AD0801,USER356,CAMPAIGN18,8272,4403,928,448.07,2025-03-12,Android,Texas
AD0802,USER361,CAMPAIGN18,3445,1969,986,409.1,2025-03-13,Other,California
AD0803,USER155,CAMPAIGN5,7773,2793,518,126.78,2025-03-14,iOS,California
AD0804,USER99,CAMPAIGN15,7049,891,69,136.08,2025-03-15,iOS,California
AD0805,USER85,CAMPAIGN5,6982,4470,638,63.12,2025-03-16,iOS,Null
AD0806,USER378,CAMPAIGN10,2006,2033,398,168.81,2025-03-17,Android,Unknown
AD0807,USER346,CAMPAIGN3,3186,1364,977,499.77,2025-03-18,Android,Florida
AD0808,USER198,CAMPAIGN17,8252,128,671,203.17,2025-03-19,iOS,Null
AD0809,USER300,CAMPAIGN13,5850,1014,759,110.63,2025-03-20,Android,Texas
AD0810,USER297,CAMPAIGN1,9005,1799,202,381.36,2025-03-21,Other,California
AD0811,USER304,CAMPAIGN5,1162,4612,147,271.46,2025-03-22,Other,Texas
AD0812,USER435,CAMPAIGN18,2076,1518,471,75.23,2025-03-23,iOS,Florida
AD0813,USER348,CAMPAIGN5,1396,4181,654,190.65,2025-03-24,Android,Null
AD0814,USER59,CAMPAIGN19,6329,1198,943,207.53,2025-03-25,iOS,California
AD0815,USER206,CAMPAIGN10,7741,3873,198,377.04,2025-03-26,iOS,Null
AD0816,USER332,CAMPAIGN12,225,2474,916,10.83,2025-03-27,Other,California
AD0817,USER155,CAMPAIGN4,4732,3485,425,134.88,2025-03-28,Other,California
AD0818,USER224,CAMPAIGN16,6388,4049,665,259.04,2025-03-29,iOS,Florida
AD0819,USER32,CAMPAIGN11,3696,3719,491,134.79,2025-03-30,iOS,New York
AD0820,USER392,CAMPAIGN4,6268,302,887,314.4,2025-03-31,iOS,New York
AD0821,USER182,CAMPAIGN6,9895,3952,895,241.19,2025-04-01,Other,Null
AD0822,USER114,CAMPAIGN6,7661,4683,141,181.17,2025-04-02,Other,Texas
AD0823,USER176,CAMPAIGN16,8358,986,312,474.63,2025-04-03,iOS,Null
AD0824,USER172,CAMPAIGN3,332,1863,164,316.26,2025-04-04,Android,Texas
AD0825,USER83,CAMPAIGN7,9461,4440,313,65.41,2025-04-05,iOS,New York
AD0826,USER469,CAMPAIGN13,6471,4909,20,280.27,2025-04-06,Other,New York
AD0827,USER470,CAMPAIGN17,4306,3072,81,390.48,2025-04-07,Other,Florida
AD0828,USER27,CAMPAIGN3,9785,3124,580,354.39,2025-04-08,Other,Texas
AD0829,USER3,CAMPAIGN14,8043,1327,130,86.46,2025-04-09,Other,California
AD0830,USER225,CAMPAIGN11,6991,2408,598,486.22,2025-04-10,iOS,California
AD0831,USER199,CAMPAIGN9,6838,3673,729,224.68,2025-04-11,Android,New York
AD0832,USER157,CAMPAIGN2,2572,3291,932,79.93,2025-04-12,iOS,California
AD0833,USER119,CAMPAIGN2,2839,4033,983,90.51,2025-04-13,Other,California
AD0834,USER38,CAMPAIGN19,5501,703,304,49.57,2025-04-14,Other,New York
AD0835,USER99,CAMPAIGN17,1861,574,914,401.86,2025-04-15,iOS,California
AD0836,USER101,CAMPAIGN10,976,3232,370,61.45,2025-04-16,Other,Null
AD0837,USER232,CAMPAIGN5,3912,4783,856,63.0,2025-04-17,Android,Null
AD0838,USER182,CAMPAIGN16,9604,2632,852,425.31,2025-04-18,Android,Texas
AD0839,USER458,CAMPAIGN13,1560,3828,383,172.63,2025-04-19,Android,Texas
AD0840,USER351,CAMPAIGN9,1833,3230,907,15.91,2025-04-20,iOS,Florida
AD0841,USER327,CAMPAIGN20,1705,488,444,26.42,2025-04-21,Android,California
AD0842,USER498,CAMPAIGN16,5722,1347,424,71.51,2025-04-22,Other,New York
AD0843,USER445,CAMPAIGN15,6867,3681,160,107.09,2025-04-23,Android,Florida
AD0844,USER267,CAMPAIGN9,7086,3173,177,332.74,2025-04-24,iOS,Unknown
AD0845,USER218,CAMPAIGN5,3617,4589,628,79.08,2025-04-25,iOS,Null
AD0846,USER423,CAMPAIGN18,3835,1667,707,59.88,2025-04-26,Android,Null
AD0847,USER248,CAMPAIGN11,9452,1637,894,382.48,2025-04-27,Other,Florida
AD0848,USER345,CAMPAIGN11,8534,4114,489,335.69,2025-04-28,Other,New York
AD0849,USER276,CAMPAIGN14,2690,3553,326,217.94,2025-04-29,iOS,Unknown
AD0850,USER193,CAMPAIGN15,1163,1000,597,274.88,2025-04-30,Android,Texas
AD0851,USER240,CAMPAIGN20,4424,850,288,156.34,2025-05-01,iOS,Florida
AD0852,USER444,CAMPAIGN8,9211,1388,592,241.51,2025-05-02,iOS,Null
AD0853,USER222,CAMPAIGN7,5442,3712,663,253.58,2025-05-03,Other,Texas
AD0854,USER269,CAMPAIGN6,105,1367,572,193.93,2025-05-04,iOS,California
AD0855,USER266,CAMPAIGN6,7589,821,572,453.33,2025-05-05,Android,Unknown
AD0856,USER320,CAMPAIGN7,8759,454,353,8.52,2025-05-06,iOS,New York
AD0857,USER197,CAMPAIGN18,8295,1624,27,391.19,2025-05-07,Other,New York
AD0858,USER93,CAMPAIGN10,6066,2772,953,62.63,2025-05-08,iOS,Texas
AD0859,USER134,CAMPAIGN7,8937,3726,42,398.87,2025-05-09,Other,California
AD0860,USER20,CAMPAIGN1,217,3147,680,308.15,2025-05-10,Android,Florida
AD0861,USER295,CAMPAIGN10,2651,4089,422,421.72,2025-05-11,iOS,New York
AD0862,USER226,CAMPAIGN20,5660,4806,597,49.21,2025-05-12,Android,Texas
AD0863,USER86,CAMPAIGN1,4389,2190,176,279.71,2025-05-13,Other,Florida
AD0864,USER47,CAMPAIGN12,946,916,528,250.79,2025-05-14,Other,Texas
AD0865,USER391,CAMPAIGN4,6416,3986,609,353.24,2025-05-15,Android,Texas
AD0866,USER140,CAMPAIGN7,6569,2875,965,267.38,2025-05-16,iOS,Unknown
AD0867,USER121,CAMPAIGN9,9433,1440,493,270.6,2025-05-17,Other,New York
AD0868,USER136,CAMPAIGN14,9015,4400,197,215.08,2025-05-18,Other,Unknown
AD0869,USER254,CAMPAIGN13,324,735,609,154.76,2025-05-19,Android,Florida
AD0870,USER210,CAMPAIGN8,4308,3568,576,241.39,2025-05-20,iOS,New York
AD0871,USER439,CAMPAIGN19,6383,3338,841,59.69,2025-05-21,Other,Texas
AD0872,USER137,CAMPAIGN13,2148,3015,852,480.78,2025-05-22,Other,New York
AD0873,USER157,CAMPAIGN13,6333,2889,516,357.35,2025-05-23,Android,Florida
AD0874,USER176,CAMPAIGN11,9865,961,513,476.26,2025-05-24,Android,Null
AD0875,USER412,CAMPAIGN7,1928,2989,21,113.75,2025-05-25,Other,Florida
AD0876,USER285,CAMPAIGN13,2017,3848,111,439.73,2025-05-26,Other,Unknown
AD0877,USER175,CAMPAIGN8,4334,1026,56,404.49,2025-05-27,Android,Unknown
AD0878,USER336,CAMPAIGN8,7088,3865,65,338.74,2025-05-28,Android,Texas
AD0879,USER433,CAMPAIGN13,2126,2863,841,312.7,2025-05-29,Other,New York
AD0880,USER264,CAMPAIGN5,3844,2501,97,158.62,2025-05-30,iOS,Texas
AD0881,USER463,CAMPAIGN16,9193,1947,143,408.3,2025-05-31,Android,Null
AD0882,USER368,CAMPAIGN9,109,1177,879,251.01,2025-06-01,Android,California
AD0883,USER449,CAMPAIGN2,360,4760,434,35.91,2025-06-02,Android,New York
AD0884,USER331,CAMPAIGN7,6138,11,636,156.78,2025-06-03,Android,Texas
AD0885,USER352,CAMPAIGN6,9965,4399,678,467.68,2025-06-04,Other,California
AD0886,USER289,CAMPAIGN3,2319,3364,85,425.41,2025-06-05,Android,Texas
AD0887,USER314,CAMPAIGN18,7141,3022,587,490.96,2025-06-06,iOS,Null
AD0888,USER303,CAMPAIGN18,2160,3371,343,314.18,2025-06-07,Android,Florida
AD0889,USER175,CAMPAIGN16,5387,2830,935,124.13,2025-06-08,Android,Texas
AD0890,USER196,CAMPAIGN13,1719,42,293,81.83,2025-06-09,Other,Null
AD0891,USER111,CAMPAIGN16,8612,943,955,93.86,2025-06-10,Android,Unknown
AD0892,USER97,CAMPAIGN13,1442,2390,570,10.39,2025-06-11,Android,Unknown
AD0893,USER311,CAMPAIGN12,2932,2545,649,195.65,2025-06-12,Other,Unknown
AD0894,USER103,CAMPAIGN7,2924,2411,610,96.12,2025-06-13,iOS,New York
AD0895,USER342,CAMPAIGN12,2094,4986,703,206.12,2025-06-14,Android,Florida
AD0896,USER115,CAMPAIGN3,3590,1004,242,467.53,2025-06-15,Other,California
AD0897,USER300,CAMPAIGN8,9410,20,830,215.55,2025-06-16,Other,Unknown
AD0898,USER291,CAMPAIGN10,8084,406,560,439.05,2025-06-17,iOS,Unknown
AD0899,USER93,CAMPAIGN14,1704,1014,959,302.95,2025-06-18,Other,Null
AD0900,USER347,CAMPAIGN7,335,4431,31,123.94,2025-06-19,Android,California
AD0901,USER474,CAMPAIGN3,2008,1838,390,178.25,2025-06-20,iOS,Florida
AD0902,USER314,CAMPAIGN10,8667,3188,276,42.42,2025-06-21,Android,Null
AD0903,USER10,CAMPAIGN11,3630,714,531,167.06,2025-06-22,Android,Unknown
AD0904,USER28,CAMPAIGN3,5356,4146,153,338.93,2025-06-23,Android,Unknown
AD0905,USER326,CAMPAIGN3,2735,3854,382,36.52,2025-06-24,Android,Unknown
AD0906,USER485,CAMPAIGN15,8262,4419,67,103.1,2025-06-25,Android,Texas
AD0907,USER151,CAMPAIGN17,9862,4884,877,191.03,2025-06-26,Android,Texas
AD0908,USER223,CAMPAIGN17,2660,140,883,491.03,2025-06-27,Other,California
AD0909,USER16,CAMPAIGN17,5515,4565,213,392.54,2025-06-28,Android,Unknown
AD0910,USER305,CAMPAIGN8,3491,4882,654,366.88,2025-06-29,iOS,Null
AD0911,USER293,CAMPAIGN9,6051,963,375,58.54,2025-06-30,Other,Null
AD0912,USER11,CAMPAIGN5,5568,372,743,390.61,2025-07-01,Android,New York
AD0913,USER488,CAMPAIGN4,8107,3635,212,392.74,2025-07-02,iOS,Texas
AD0914,USER94,CAMPAIGN12,9164,2541,78,300.75,2025-07-03,Other,Texas
AD0915,USER422,CAMPAIGN2,9544,3610,725,495.19,2025-07-04,Android,Florida
AD0916,USER176,CAMPAIGN2,6513,1692,627,162.96,2025-07-05,Other,Florida
AD0917,USER52,CAMPAIGN2,7041,105,603,470.67,2025-07-06,iOS,Null
AD0918,USER91,CAMPAIGN4,9606,1681,781,457.41,2025-07-07,Other,Florida
AD0919,USER434,CAMPAIGN20,4920,4097,922,6.23,2025-07-08,iOS,Florida
AD0920,USER455,CAMPAIGN6,2998,4016,380,225.33,2025-07-09,iOS,New York
AD0921,USER255,CAMPAIGN4,7646,2636,679,488.56,2025-07-10,Other,Florida
AD0922,USER62,CAMPAIGN11,177,2137,57,52.01,2025-07-11,Android,Florida
AD0923,USER278,CAMPAIGN6,7677,3416,795,274.12,2025-07-12,iOS,California
AD0924,USER461,CAMPAIGN13,4327,4445,25,489.49,2025-07-13,Other,New York
AD0925,USER282,CAMPAIGN9,700,3530,880,277.97,2025-07-14,Other,New York
AD0926,USER1,CAMPAIGN5,1165,1286,446,95.31,2025-07-15,iOS,California
AD0927,USER456,CAMPAIGN7,2236,3179,65,291.3,2025-07-16,Other,Florida
AD0928,USER266,CAMPAIGN17,9610,3654,920,102.62,2025-07-17,iOS,Texas
AD0929,USER453,CAMPAIGN19,7043,2359,759,260.09,2025-07-18,iOS,New York
AD0930,USER449,CAMPAIGN11,7904,444,253,37.48,2025-07-19,iOS,Florida
AD0931,USER197,CAMPAIGN6,6665,35,898,302.94,2025-07-20,Other,Florida
AD0932,USER493,CAMPAIGN15,6084,1475,967,258.64,2025-07-21,Other,Texas
AD0933,USER107,CAMPAIGN18,5242,3957,43,370.21,2025-07-22,Other,New York
AD0934,USER258,CAMPAIGN2,4770,1798,96,315.53,2025-07-23,iOS,Florida
AD0935,USER499,CAMPAIGN9,2290,1845,553,275.03,2025-07-24,iOS,Texas
AD0936,USER455,CAMPAIGN10,9284,1408,226,345.04,2025-07-25,iOS,Unknown
AD0937,USER21,CAMPAIGN10,2812,1708,773,72.4,2025-07-26,Android,Null
AD0938,USER408,CAMPAIGN3,2292,2938,678,297.88,2025-07-27,Android,Texas
AD0939,USER244,CAMPAIGN18,1348,1300,435,86.47,2025-07-28,iOS,New York
AD0940,USER1,CAMPAIGN18,4133,1243,790,462.8,2025-07-29,iOS,Unknown
AD0941,USER453,CAMPAIGN3,2097,3976,600,34.63,2025-07-30,Android,Florida
AD0942,USER300,CAMPAIGN11,3787,3097,378,215.47,2025-07-31,iOS,Texas
AD0943,USER103,CAMPAIGN20,4118,4616,177,348.05,2025-08-01,Android,Unknown
AD0944,USER160,CAMPAIGN15,2070,9,426,229.28,2025-08-02,Other,Florida
AD0945,USER14,CAMPAIGN1,8489,2425,914,46.5,2025-08-03,Android,California
AD0946,USER188,CAMPAIGN10,5865,1660,708,276.91,2025-08-04,Other,Texas
AD0947,USER195,CAMPAIGN3,1302,2631,306,321.0,2025-08-05,iOS,Unknown
AD0948,USER133,CAMPAIGN15,8235,4815,778,352.04,2025-08-06,iOS,Texas
AD0949,USER46,CAMPAIGN7,5667,1072,503,186.94,2025-08-07,Android,New York
AD0950,USER65,CAMPAIGN14,7767,3225,267,282.05,2025-08-08,Android,California
AD0951,USER231,CAMPAIGN17,5842,4954,585,225.62,2025-08-09,Other,Null
AD0952,USER461,CAMPAIGN3,5888,1316,7,336.19,2025-08-10,Other,California
AD0953,USER161,CAMPAIGN6,5508,4145,919,291.99,2025-08-11,Other,California
AD0954,USER193,CAMPAIGN1,8769,3683,507,263.12,2025-08-12,iOS,Null
AD0955,USER361,CAMPAIGN16,9546,3273,475,125.14,2025-08-13,Android,Null
AD0956,USER90,CAMPAIGN18,1022,145,296,1.51,2025-08-14,iOS,California
AD0957,USER66,CAMPAIGN4,519,3040,163,87.45,2025-08-15,Android,Texas
AD0958,USER480,CAMPAIGN6,2304,1462,484,58.97,2025-08-16,iOS,New York
AD0959,USER191,CAMPAIGN20,1220,4676,596,224.82,2025-08-17,iOS,California
AD0960,USER42,CAMPAIGN1,1050,1584,71,306.32,2025-08-18,Other,New York
AD0961,USER17,CAMPAIGN2,2436,482,566,106.94,2025-08-19,Android,Unknown
AD0962,USER466,CAMPAIGN19,5473,3179,904,469.56,2025-08-20,iOS,Florida
AD0963,USER145,CAMPAIGN5,2343,1249,558,3.84,2025-08-21,iOS,Florida
AD0964,USER326,CAMPAIGN3,2745,4768,910,386.26,2025-08-22,Android,Florida
AD0965,USER423,CAMPAIGN18,4712,630,943,312.79,2025-08-23,Other,California
AD0966,USER101,CAMPAIGN16,1965,661,237,187.09,2025-08-24,iOS,Unknown
AD0967,USER244,CAMPAIGN19,6128,3503,103,25.72,2025-08-25,Android,Null
AD0968,USER72,CAMPAIGN13,7426,2852,209,313.93,2025-08-26,Android,Florida
AD0969,USER301,CAMPAIGN12,6471,2466,553,193.11,2025-08-27,Other,Unknown
AD0970,USER336,CAMPAIGN20,6459,987,827,468.17,2025-08-28,Android,Texas
AD0971,USER394,CAMPAIGN13,7963,1546,467,271.22,2025-08-29,Android,Unknown
AD0972,USER36,CAMPAIGN15,3328,649,453,469.86,2025-08-30,iOS,New York
AD0973,USER247,CAMPAIGN9,3819,968,267,110.63,2025-08-31,iOS,Null
AD0974,USER6,CAMPAIGN1,2471,2637,385,363.0,2025-09-01,Android,Florida
AD0975,USER251,CAMPAIGN15,2991,1100,774,308.82,2025-09-02,Android,Florida
AD0976,USER309,CAMPAIGN5,3856,440,847,369.83,2025-09-03,Other,Texas
AD0977,USER36,CAMPAIGN11,4325,769,386,107.73,2025-09-04,Android,Null
AD0978,USER256,CAMPAIGN16,194,1343,876,332.66,2025-09-05,Other,New York
AD0979,USER228,CAMPAIGN14,2774,4358,258,249.27,2025-09-06,Android,Florida
AD0980,USER465,CAMPAIGN5,6998,3729,282,371.54,2025-09-07,Other,New York
AD0981,USER460,CAMPAIGN17,893,3906,625,163.86,2025-09-08,Other,Unknown
AD0982,USER130,CAMPAIGN2,2216,1577,874,445.08,2025-09-09,Android,Unknown
AD0983,USER216,CAMPAIGN6,5879,4008,39,42.61,2025-09-10,Android,Unknown
AD0984,USER482,CAMPAIGN2,6266,3351,485,403.69,2025-09-11,Other,California
AD0985,USER124,CAMPAIGN2,914,4795,928,430.73,2025-09-12,iOS,Texas
AD0986,USER436,CAMPAIGN3,445,2349,219,408.72,2025-09-13,Other,Texas
AD0987,USER324,CAMPAIGN18,8654,3602,128,256.61,2025-09-14,iOS,California
AD0988,USER179,CAMPAIGN8,2543,1241,519,219.47,2025-09-15,Android,New York
AD0989,USER344,CAMPAIGN13,7883,1125,612,498.13,2025-09-16,Other,Null
AD0990,USER365,CAMPAIGN8,1084,2601,927,114.97,2025-09-17,Android,Texas
AD0991,USER392,CAMPAIGN8,7890,1190,891,273.66,2025-09-18,Android,Null
AD0992,USER187,CAMPAIGN1,9931,4131,687,335.5,2025-09-19,Other,New York
AD0993,USER135,CAMPAIGN1,927,4839,618,350.58,2025-09-20,iOS,Florida
AD0994,USER143,CAMPAIGN18,3631,4448,612,102.41,2025-09-21,iOS,Florida
AD0995,USER359,CAMPAIGN12,7247,72,259,327.17,2025-09-22,Android,Florida
AD0996,USER30,CAMPAIGN13,4551,1914,989,409.28,2025-09-23,Other,California
AD0997,USER278,CAMPAIGN9,3976,2472,965,25.48,2025-09-24,Other,New York
AD0998,USER68,CAMPAIGN7,6059,3046,365,455.8,2025-09-25,Android,California
AD0999,USER239,CAMPAIGN1,226,707,757,15.24,2025-09-26,Android,California
